-- phpMyAdmin SQL Dump
-- version 3.3.7deb7
-- http://www.phpmyadmin.net
--
-- Host: localhost
-- Generation Time: Feb 10, 2018 at 02:19 PM
-- Server version: 5.1.73
-- PHP Version: 5.4.45-1~dotdeb+6.1

SET SQL_MODE="NO_AUTO_VALUE_ON_ZERO";


/*!40101 SET @OLD_CHARACTER_SET_CLIENT=@@CHARACTER_SET_CLIENT */;
/*!40101 SET @OLD_CHARACTER_SET_RESULTS=@@CHARACTER_SET_RESULTS */;
/*!40101 SET @OLD_COLLATION_CONNECTION=@@COLLATION_CONNECTION */;
/*!40101 SET NAMES utf8 */;

--
-- Database: `stahlbaum`
--

-- --------------------------------------------------------

--
-- Table structure for table `admin`
--

CREATE TABLE IF NOT EXISTS `admin` (
  `id` int(11) NOT NULL AUTO_INCREMENT,
  `username` varchar(50) NOT NULL,
  `password` varchar(50) NOT NULL,
  PRIMARY KEY (`id`)
) ENGINE=MyISAM  DEFAULT CHARSET=utf8 AUTO_INCREMENT=2 ;

--
-- Dumping data for table `admin`
--

INSERT INTO `admin` (`id`, `username`, `password`) VALUES
(1, 'admin', '21232f297a57a5a743894a0e4a801fc3');

-- --------------------------------------------------------

--
-- Table structure for table `admin_options`
--

CREATE TABLE IF NOT EXISTS `admin_options` (
  `id` int(11) NOT NULL AUTO_INCREMENT,
  `tel1` varchar(200) NOT NULL,
  `tel2` varchar(200) NOT NULL,
  `address1` text NOT NULL,
  `address2` text NOT NULL,
  `contacts_email` varchar(200) NOT NULL,
  `sales_email1` varchar(200) NOT NULL,
  `map` text NOT NULL,
  `footer_text` text NOT NULL,
  `title` text NOT NULL,
  `meta_keyw` text NOT NULL,
  `meta_desc` text NOT NULL,
  PRIMARY KEY (`id`)
) ENGINE=MyISAM  DEFAULT CHARSET=utf8 AUTO_INCREMENT=2 ;

--
-- Dumping data for table `admin_options`
--

INSERT INTO `admin_options` (`id`, `tel1`, `tel2`, `address1`, `address2`, `contacts_email`, `sales_email1`, `map`, `footer_text`, `title`, `meta_keyw`, `meta_desc`) VALUES
(1, '+7 (906) 532 73 63', '+7 (926) 707 24 79', '<p><span class="ff1 cf0 fs22" style="font-family: ''Times New Roman''; font-size: medium;"><strong>Адрес</strong></span></p>\n<p><span class="ff1 cf0 fs22" style="font-family: ''Times New Roman''; font-size: medium;"><strong>&nbsp;</strong></span><strong style="text-align: justify; text-indent: -0.25in;"><span lang="RU"><span style="font-weight: normal; font-size: 7pt; font-family: ''Times New Roman'';">&nbsp;&nbsp;</span></span></strong><span lang="RU" style="text-align: justify; text-indent: -0.25in;">Московская область, Истринский район, с. Новопетровское,</span>&nbsp;улица Фабричная 5</p>', '<p><span lang="RU" style="font-size: 12.0pt; font-family: ''Times New Roman'',''serif''; mso-fareast-font-family: ''Times New Roman''; mso-ansi-language: RU; mso-fareast-language: RU; mso-bidi-language: AR-SA;">&nbsp; г. Москва, Варшавское шоссе, дом 170, строение 22</span></p>', 'info@stahlbaum.ru', 'sales@stahlbaum.ru', '<script type="text/javascript" charset="utf-8" src="//api-maps.yandex.ru/services/constructor/1.0/js/?sid=RsnOaPZkbrUJiYvnI0uijIX1LMJt5C5F&width=700&height=350"></script>', '<p><a style="text-decoration: none; color: white;" href="http://hrayr.dha.am/">Каталог.</a> <a style="text-decoration: none; color: white;" href="http://hrayr.dha.am/supercategory/1/dimakhodi_iz_nerzhaveyushey_stali.html">Дымоходы из нержавеющей стали.</a> <a style="text-decoration: none; color: white;" href="http://hrayr.dha.am/supercategory/2/gibkiye_nerzhaveyushie_trubi.html">Гибкие нержавеющие трубы (газоходы).</a> <a style="text-decoration: none; color: white;" href="http://hrayr.dha.am/supercategory/3/vozdukhovodi_iz_alyuminevoy_stali.html">Воздуховоды из алюминиевой стали. </a> <a style="text-decoration: none; color: white;" href="http://hrayr.dha.am/supercategory/4/vozdukhovodi_iz_ocinkovoy_stali.html">Воздуховоды из оцинкованной стали.</a> <a style="text-decoration: none; color: white;" href="http://hrayr.dha.am/o_nas.html">О нас. </a> <a style="text-decoration: none; color: white;" href="http://hrayr.dha.am/pokupatelyam.html">Покупателям.</a> <a style="text-decoration: none; color: white;" href="http://hrayr.dha.am/dostavka_i_oplata.html"> Доставка и оплата.</a> <a style="text-decoration: none; color: white;" href="http://hrayr.dha.am/korzina_1.html"> Ваша корзина.</a> <a style="text-decoration: none; color: white;" href="http://hrayr.dha.am/kontakti.html"> Контакты.</a></p>', 'Дымоходы Stahlbaum', 'Дымоходы. Дымоходы Stahlbaum. Сэндвич-труба. Стальбаум. Дымоходы от производителя. Системы дымоходов. Купить дымоходы. Дымоходы по доступной цене. Заказать дымоход. Двухконтурные дымоходы. Система подогрева воды. Дымоудаления. ', 'Наш интернет-магазин рад представить вам широкий ассортимент продукции для монтажа систем вентиляции и дымоудаления собственного производства. ');

-- --------------------------------------------------------

--
-- Table structure for table `categories`
--

CREATE TABLE IF NOT EXISTS `categories` (
  `id` int(11) NOT NULL AUTO_INCREMENT,
  `supercategory_id` int(11) NOT NULL,
  `title` varchar(500) NOT NULL,
  `slug` varchar(500) NOT NULL,
  `description` text NOT NULL,
  `thumb` varchar(200) NOT NULL,
  PRIMARY KEY (`id`)
) ENGINE=MyISAM  DEFAULT CHARSET=utf8 AUTO_INCREMENT=7 ;

--
-- Dumping data for table `categories`
--

INSERT INTO `categories` (`id`, `supercategory_id`, `title`, `slug`, `description`, `thumb`) VALUES
(1, 1, 'Одноконтурные дымоходы', 'odnokonturnie_dimokhodi', '<p><span lang="RU" style="font-size: 12.0pt; font-family: ''Times New Roman'',''serif''; mso-fareast-font-family: ''Times New Roman''; mso-ansi-language: RU; mso-fareast-language: RU; mso-bidi-language: AR-SA;">Представляют собой стандартный набор различных элементов, при помощи которых существует возможность собрать дымоотводящий канал практически любой сложности. Все элементы стыкуются между собой по раструбной системе соединения.</span></p>', 'a2df0ef.jpg'),
(2, 1, 'Двухконтурные дымоходы', 'dvukhkonturnie_dimokhodi', '<p class="MsoNormal" style="text-align: justify;"><span lang="RU">Представляют собой конструкцию из двух труб, расположенных одна в другой. Пространство между ними заполнено негорючим изоляционным материалом, что способствует &nbsp;быстрому прогреванию дымохода и уменьшению выпадения конденсата.</span></p>', 'a2027fd.jpg'),
(3, 1, 'Комплектующие для дымоходов', 'komplektuyushie_dlya_dimokhodov', '<p class="MsoNormal" style="text-align: justify;"><span lang="RU">Это элементы дымоходной системы, которые устанавливаются при определенных дополнительных требованиях к дымоходу: защита изоляции, защита от дождя, прочистка и проще. Существуют различных форм и видов.</span></p>', '1114fb5.jpg'),
(4, 2, 'Гибкая труба', 'gibkaya_truba', '<p><span lang="RU" style="font-family: ''Times New Roman''; font-size: medium;">Полужесткие газоходы из нержавеющей стали</span><span class="apple-converted-space" style="font-family: ''Times New Roman''; font-size: medium;"><span lang="RU">&nbsp;</span></span><span lang="RU" style="font-family: ''Times New Roman''; font-size: medium;">предназначены для присоединения конечных элементов систем вытяжной вентиляции и дымоудаления в труднодоступных местах, а также для подсоединения домашних бытовых газовых колонок и печей к вытяжным шахтам квартир.</span></p>', 'bf01d8b.jpg'),
(5, 3, 'Алюминиевый воздуховод', 'alyuminovoy_vozdukhovod', '<p><span style="font-family: ''Times New Roman'', serif; font-size: 16px;">Алюминиевые воздуховоды предназначены для присоединения конечных элементов систем вентиляции в труднодоступных местах, а также для подсоединения домашних бытовых агрегатов к вытяжным шахтам квартир.</span></p>', 'f8ed219.jpg'),
(6, 4, 'Воздуховод спирально-навивной ', 'vozdukhovod_spiralno_navivnoy', '<p><span lang="RU" style="font-size: 12pt; font-family: ''Times New Roman'', serif; background-image: initial; background-attachment: initial; background-size: initial; background-origin: initial; background-clip: initial; background-position: initial; background-repeat: initial;">Спирально-навивные&nbsp;</span><strong style="font-family: ''Times New Roman''; font-size: medium;"><span lang="RU" style="font-size: 12pt; font-weight: normal; background-image: initial; background-attachment: initial; background-size: initial; background-origin: initial; background-clip: initial; background-position: initial; background-repeat: initial;">воздуховоды</span></strong><span class="apple-converted-space" style="font-family: ''Times New Roman''; font-size: medium;"><span lang="RU" style="font-size: 12pt; font-family: ''Times New Roman'', serif; background-image: initial; background-attachment: initial; background-size: initial; background-origin: initial; background-clip: initial; background-position: initial; background-repeat: initial;">&nbsp;</span></span><span lang="RU" style="font-size: 12pt; font-family: ''Times New Roman'', serif; background-image: initial; background-attachment: initial; background-size: initial; background-origin: initial; background-clip: initial; background-position: initial; background-repeat: initial;">- это разновидность круглых воздуховодов, которые служат для продвижения воздуха по системе вентиляции.</span><span class="apple-converted-space" style="font-family: ''Times New Roman''; font-size: medium;"><span lang="RU" style="font-size: 12pt; font-family: ''Times New Roman'', serif; background-image: initial; background-attachment: initial; background-size: initial; background-origin: initial; background-clip: initial; background-position: initial; background-repeat: initial;">&nbsp;</span></span><strong style="font-family: ''Times New Roman''; font-size: medium;"><span lang="RU" style="font-size: 12pt; font-weight: normal;">В</span></strong><span lang="RU" style="font-size: 12pt; font-family: ''Times New Roman'', serif; background-image: initial; background-attachment: initial; background-size: initial; background-origin: initial; background-clip: initial; background-position: initial; background-repeat: initial;">&nbsp;следствии наличия замкового соединения в виде спирали по периметру воздуховода, имеют повышенную жесткость и имеют, как правило, применение в системах вентиляции зданий промышленного назначения,&nbsp;</span><span lang="RU" style="font-size: 12pt; font-family: ''Times New Roman'', serif; background-image: initial; background-attachment: initial; background-size: initial; background-origin: initial; background-clip: initial; background-position: initial; background-repeat: initial;">легко и быстро монтируются на объекте.</span></p>', '8dd4c2c.jpg');

-- --------------------------------------------------------

--
-- Table structure for table `categoriesnew`
--

CREATE TABLE IF NOT EXISTS `categoriesnew` (
  `id` int(11) NOT NULL AUTO_INCREMENT,
  `supercategory_id` int(11) NOT NULL,
  `title` varchar(500) NOT NULL,
  `slug` varchar(500) NOT NULL,
  `description` text NOT NULL,
  `thumb` varchar(200) NOT NULL,
  PRIMARY KEY (`id`)
) ENGINE=MyISAM  DEFAULT CHARSET=utf8 AUTO_INCREMENT=3 ;

--
-- Dumping data for table `categoriesnew`
--

INSERT INTO `categoriesnew` (`id`, `supercategory_id`, `title`, `slug`, `description`, `thumb`) VALUES
(2, 1, 'Системы подогрева воды', 'sistemi_podogreva_vodi', '<p class="MsoNormal"><span lang="RU">Описание- При отсутствии системы горячего водоснабжения, может использоваться система подогрева воды, основанная на принципе естественной циркуляции, использующая тепло дымовых газов. Для этих целей нашей компанией выпускаются: теплообменники, баки на трубе и настенные баки.</span></p>', '03e234d.jpg');

-- --------------------------------------------------------

--
-- Table structure for table `categories_diameters`
--

CREATE TABLE IF NOT EXISTS `categories_diameters` (
  `id` int(11) NOT NULL AUTO_INCREMENT,
  `category_id` int(11) NOT NULL,
  `diameter` varchar(30) NOT NULL,
  PRIMARY KEY (`id`)
) ENGINE=MyISAM  DEFAULT CHARSET=utf8 AUTO_INCREMENT=84 ;

--
-- Dumping data for table `categories_diameters`
--

INSERT INTO `categories_diameters` (`id`, `category_id`, `diameter`) VALUES
(1, 1, '100'),
(2, 1, '110'),
(3, 1, '115'),
(4, 1, '120'),
(5, 1, '130'),
(6, 1, '140'),
(7, 1, '150'),
(8, 1, '160'),
(9, 1, '180'),
(10, 1, '200'),
(11, 1, '220'),
(12, 1, '250'),
(13, 1, '300'),
(14, 2, '100/200'),
(15, 2, '110/200'),
(16, 2, '115/200'),
(17, 2, '120/200'),
(18, 2, '130/200'),
(19, 2, '140/210'),
(20, 2, '150/210'),
(21, 2, '180/250'),
(22, 2, '200/280'),
(23, 2, '250/350'),
(24, 2, '300/400'),
(25, 3, '100'),
(26, 3, '110'),
(27, 3, '115'),
(28, 3, '120'),
(29, 3, '130'),
(30, 3, '140'),
(31, 3, '150'),
(32, 3, '160'),
(33, 3, '180'),
(34, 3, '200'),
(35, 3, '210'),
(36, 3, '220'),
(37, 3, '250'),
(38, 3, '280'),
(39, 3, '300'),
(40, 2, '220/300'),
(41, 4, '80'),
(42, 4, '100'),
(43, 4, '110'),
(44, 4, '115'),
(45, 4, '120'),
(46, 4, '125'),
(47, 4, '130'),
(48, 4, '135'),
(49, 4, '140'),
(50, 4, '150'),
(51, 4, '160'),
(52, 4, '180'),
(53, 4, '200'),
(54, 4, '250'),
(55, 4, '315'),
(56, 5, '80'),
(57, 5, '100'),
(58, 5, '110'),
(59, 5, '115'),
(60, 5, '120'),
(61, 5, '125'),
(62, 5, '130'),
(63, 5, '135'),
(64, 5, '140'),
(65, 5, '150'),
(66, 5, '160'),
(67, 5, '180'),
(68, 5, '200'),
(69, 5, '250'),
(70, 5, '315'),
(71, 6, '100'),
(72, 6, '125'),
(73, 6, '160'),
(74, 6, '200'),
(75, 6, '250'),
(76, 6, '315'),
(77, 6, '355'),
(78, 6, '400'),
(79, 6, '500'),
(80, 6, '630'),
(81, 6, '800'),
(82, 6, '1000'),
(83, 6, '1250');

-- --------------------------------------------------------

--
-- Table structure for table `categories_diametersnew`
--

CREATE TABLE IF NOT EXISTS `categories_diametersnew` (
  `id` int(11) NOT NULL AUTO_INCREMENT,
  `category_id` int(11) NOT NULL,
  `diameter` varchar(30) NOT NULL,
  PRIMARY KEY (`id`)
) ENGINE=MyISAM  DEFAULT CHARSET=utf8 AUTO_INCREMENT=9 ;

--
-- Dumping data for table `categories_diametersnew`
--

INSERT INTO `categories_diametersnew` (`id`, `category_id`, `diameter`) VALUES
(7, 2, '1'),
(8, 2, '2');

-- --------------------------------------------------------

--
-- Table structure for table `categories_simple`
--

CREATE TABLE IF NOT EXISTS `categories_simple` (
  `id` int(11) NOT NULL AUTO_INCREMENT,
  `supercategory_id` int(11) NOT NULL,
  `title` varchar(200) NOT NULL,
  `slug` varchar(200) NOT NULL,
  `description` text NOT NULL,
  `thumb` varchar(200) NOT NULL,
  PRIMARY KEY (`id`)
) ENGINE=MyISAM DEFAULT CHARSET=utf8 AUTO_INCREMENT=1 ;

--
-- Dumping data for table `categories_simple`
--


-- --------------------------------------------------------

--
-- Table structure for table `materials`
--

CREATE TABLE IF NOT EXISTS `materials` (
  `id` int(11) NOT NULL AUTO_INCREMENT,
  `long_description` text NOT NULL,
  `short_description` varchar(500) NOT NULL,
  PRIMARY KEY (`id`)
) ENGINE=MyISAM  DEFAULT CHARSET=utf8 AUTO_INCREMENT=98 ;

--
-- Dumping data for table `materials`
--

INSERT INTO `materials` (`id`, `long_description`, `short_description`) VALUES
(1, 'Нержавеющая сталь AISI 430 (зеркальная), толщина 0,5мм', 'Нержавеющая сталь, толщина 0,5мм'),
(2, 'Нержавеющая сталь AISI 409 (матовая), толщина 1,0мм', 'Нержавеющая сталь , толщина 1,0мм'),
(3, 'Нержавеющая сталь AISI 430 (зеркальная), толщина 0,5мм', 'Нержавеющая сталь, толщина 0,5мм'),
(4, 'Нержавеющая сталь AISI 409 (матовая), толщина 1,0мм', 'Нержавеющая сталь, толщина 1,0мм'),
(5, 'Нержавеющая сталь AISI 430 (зеркальная), толщина 0,5мм', 'Нержавеющая сталь, толщина 0,5мм'),
(6, 'Нержавеющая сталь AISI 409 (матовая), толщина 1,0мм', 'Нержавеющая сталь, толщина 1,0мм'),
(7, 'Нержавеющая сталь AISI 430 (зеркальная), толщина 0,5мм', 'Нержавеющая сталь, толщина 0,5мм'),
(8, 'Нержавеющая сталь AISI 409 (матовая), толщина 1,0мм', 'Нержавеющая сталь, толщина 1,0мм'),
(9, 'Нержавеющая сталь AISI 430 (зеркальная), толщина 0,5мм', 'Нержавеющая сталь, толщина 0,5мм'),
(10, 'Нержавеющая сталь AISI 409 (матовая), толщина 1,0мм', 'Нержавеющая сталь, толщина 1,0мм'),
(11, 'Нержавеющая сталь AISI 430 (зеркальная), толщина 0,5мм', 'Нержавеющая сталь, толщина 0,5мм'),
(12, 'Нержавеющая сталь AISI 409 (матовая), толщина 1,0мм', 'Нержавеющая сталь, толщина 1,0мм'),
(13, 'Нержавеющая сталь AISI 430 (зеркальная), толщина 0,5мм', 'Нержавеющая сталь, толщина 0,5мм'),
(14, 'Нержавеющая сталь AISI 409 (матовая), толщина 1,0мм', 'Нержавеющая сталь, толщина 1,0мм'),
(15, 'Нержавеющая сталь AISI 430 (зеркальная), толщина 0,5мм', 'Нержавеющая сталь, толщина 0,5мм'),
(16, 'Нержавеющая сталь AISI 409 (матовая), толщина 1,0мм', 'Нержавеющая сталь, толщина 1,0мм'),
(17, 'Нержавеющая сталь AISI 430 (зеркальная), толщина 0,5мм', 'Нержавеющая сталь, толщина 0,5мм'),
(18, 'Нержавеющая сталь AISI 409 (матовая), толщина 1,0мм', 'Нержавеющая сталь, толщина 1,0мм'),
(19, 'Нержавеющая сталь AISI 430 (зеркальная), толщина 0,5мм', 'Нержавеющая сталь, толщина 0,5мм'),
(20, 'Нержавеющая сталь AISI 409 (матовая), толщина 1,0мм', 'Нержавеющая сталь, толщина 1,0мм'),
(21, 'Нержавеющая сталь AISI 430 (зеркальная), толщина 0,5мм', 'Нержавеющая сталь, толщина 0,5мм'),
(22, 'Нержавеющая сталь AISI 409 (матовая), толщина 1,0мм', 'Нержавеющая сталь, толщина 1,0мм'),
(23, 'Нержавеющая сталь AISI 430 (зеркальная), толщина 0,5мм', 'Нержавеющая сталь, толщина 0,5мм'),
(24, 'Нержавеющая сталь AISI 409 (матовая), толщина 1,0мм', 'Нержавеющая сталь, толщина 1,0мм'),
(25, 'Нержавеющая сталь AISI 430 (зеркальная), толщина 0,5мм', 'Нержавеющая сталь, толщина 0,5мм'),
(26, 'Нержавеющая сталь AISI 409 (матовая), толщина 1,0мм', 'Нержавеющая сталь, толщина 1,0мм'),
(27, 'Нержавеющая сталь AISI 409 (матовая), толщина 1,0мм', 'Нержавеющая сталь, толщина 1,0мм'),
(28, 'Нержавеющая сталь AISI 430 (зеркальная), толщина 0,5мм', 'Нержавеющая сталь, толщина 0,5мм'),
(29, 'Нержавеющая сталь AISI 409 (матовая), толщина 1,0мм', 'Нержавеющая сталь, толщина 1,0мм'),
(30, 'Нержавеющая сталь AISI 430 (зеркальная), толщина 0,5мм', 'Нержавеющая сталь, толщина 0,5мм'),
(31, 'Нержавеющая сталь AISI 409 (матовая), толщина 1,0мм', 'Нержавеющая сталь, толщина 1,0мм'),
(32, 'нерж. 430/0,5мм + нерж. 0,5мм', 'нерж. 430/0,5мм + нерж. 0,5мм'),
(33, 'нерж. 409/1мм + нерж. 0,5мм', 'нерж. 409/1мм + нерж. 0,5мм'),
(34, 'нерж. 0,5мм+оцинк.0,5мм', 'нерж. 0,5мм+оцинк.0,5мм'),
(35, 'нерж. 409/1мм + оцинк. 0,5мм', 'нерж. 409/1мм + оцинк. 0,5мм'),
(36, 'нерж. 430/0,5мм + нерж. 0,5мм', 'нерж. 430/0,5мм + нерж. 0,5мм'),
(37, 'нерж. 409/1мм + нерж. 0,5мм', 'нерж. 409/1мм + нерж. 0,5мм'),
(38, 'нерж. 0,5мм+оцинк.0,5мм', 'нерж. 0,5мм+оцинк.0,5мм'),
(39, 'нерж. 409/1мм + оцинк. 0,5мм', 'нерж. 409/1мм + оцинк. 0,5мм'),
(40, 'нерж. 430/0,5мм + нерж. 0,5мм', 'нерж. 430/0,5мм + нерж. 0,5мм'),
(41, 'нерж. 409/1мм + нерж. 0,5мм', 'нерж. 409/1мм + нерж. 0,5мм'),
(42, 'нерж. 0,5мм+оцинк.0,5мм', 'нерж. 0,5мм+оцинк.0,5мм'),
(43, 'нерж. 409/1мм + оцинк. 0,5мм', 'нерж. 409/1мм + оцинк. 0,5мм'),
(44, 'нерж. 430/0,5мм + нерж. 0,5мм', 'нерж. 430/0,5мм + нерж. 0,5мм'),
(45, 'нерж. 409/1мм + нерж. 0,5мм', 'нерж. 409/1мм + нерж. 0,5мм'),
(46, 'нерж. 0,5мм+оцинк.0,5мм', 'нерж. 0,5мм+оцинк.0,5мм'),
(47, 'нерж. 409/1мм + оцинк. 0,5мм', 'нерж. 409/1мм + оцинк. 0,5мм'),
(48, 'нерж. 430/0,5мм + нерж. 0,5мм', 'нерж. 430/0,5мм + нерж. 0,5мм'),
(49, 'нерж. 409/1мм + нерж. 0,5мм', 'нерж. 409/1мм + нерж. 0,5мм'),
(50, 'нерж. 0,5мм+оцинк.0,5мм', 'нерж. 0,5мм+оцинк.0,5мм'),
(51, 'нерж. 409/1мм + оцинк. 0,5мм', 'нерж. 409/1мм + оцинк. 0,5мм'),
(52, 'нерж. 430/0,5мм + нерж. 0,5мм', 'нерж. 430/0,5мм + нерж. 0,5мм'),
(53, 'нерж. 409/1мм + нерж. 0,5мм', 'нерж. 409/1мм + нерж. 0,5мм'),
(54, 'нерж. 0,5мм+оцинк.0,5мм', 'нерж. 0,5мм+оцинк.0,5мм'),
(55, 'нерж. 409/1мм + оцинк. 0,5мм', 'нерж. 409/1мм + оцинк. 0,5мм'),
(56, 'нерж. 430/0,5мм + нерж. 0,5мм', 'нерж. 430/0,5мм + нерж. 0,5мм'),
(57, 'нерж. 0,5мм+оцинк.0,5мм', 'нерж. 0,5мм+оцинк.0,5мм'),
(58, 'Нержавеющая сталь AISI 430 (зеркальная), толщина 0,5мм', 'Нержавеющая сталь, толщина 0,5мм'),
(59, 'Нержавеющая сталь AISI 409 (матовая), толщина 1,0мм', 'Нержавеющая сталь, толщина 1,0мм'),
(60, 'нерж. 430/0,5мм + нерж. 0,5мм', 'нерж. 430/0,5мм + нерж. 0,5мм'),
(61, 'нерж. 409/1мм + нерж. 0,5мм', 'нерж. 409/1мм + нерж. 0,5мм'),
(62, 'нерж. 430/0,5мм + нерж. 0,5мм', 'нерж. 430/0,5мм + нерж. 0,5мм'),
(63, 'нерж. 409/1мм + нерж. 0,5мм', 'нерж. 409/1мм + нерж. 0,5мм'),
(64, 'нерж. 430/0,5мм + нерж. 0,5мм', 'нерж. 430/0,5мм + нерж. 0,5мм'),
(65, 'нерж. 0,5мм+оцинк.0,5мм', 'нерж. 0,5мм+оцинк.0,5мм'),
(66, 'нерж. 430/0,5мм + нерж. 0,5мм', 'нерж. 430/0,5мм + нерж. 0,5мм'),
(67, 'нерж. 0,5мм+оцинк.0,5мм', 'нерж. 0,5мм+оцинк.0,5мм'),
(68, 'нерж. 409/1мм + нерж. 0,5мм', 'нерж. 409/1мм + нерж. 0,5мм'),
(69, 'нерж. 409/1мм + оцинк. 0,5мм', 'нерж. 409/1мм + оцинк. 0,5мм'),
(70, 'Нержавеющая сталь AISI 409 (матовая), толщина 2,0мм', 'Нержавеющая сталь, толщина 2,0мм'),
(71, 'нерж. 409/1мм + нерж. 0,5мм', 'нерж. 409/1мм + нерж. 0,5мм'),
(72, 'Нержавеющая сталь AISI 430 (зеркальная), толщина 1,0мм', 'Нержавеющая сталь, толщина 1,0мм'),
(73, 'Нержавеющая сталь AISI 430 (зеркальная), толщина 1,0мм', 'Нержавеющая сталь, толщина 1,0мм'),
(74, 'Черный металл', 'Черный металл'),
(75, 'Черный металл', 'Черный металл'),
(76, 'Нержавеющая сталь AISI 430 (зеркальная), толщина 0,5мм', 'Нержавеющая сталь, толщина 0,5мм'),
(77, 'Оцинкованная сталь, толщина 0,5мм,', 'Оцинкованная сталь, толщина 0,5мм,'),
(78, 'Нержавеющая сталь AISI 430 (зеркальная), толщина 0,5мм', 'Нержавеющая сталь, толщина 0,5мм'),
(79, 'нерж. 0,5мм+оцинк.0,5мм', 'нерж. 0,5мм+оцинк.0,5мм'),
(80, 'Нержавеющая сталь AISI 430 (зеркальная), толщина 0,5мм', 'Нержавеющая сталь, толщина 0,5мм'),
(81, 'Нержавеющая сталь AISI 304-2В , толщина 0,1мм', 'Нержавеющая сталь AISI 304-2В , толщина 0,1мм'),
(82, 'алюминиевая сталь', 'алюминиевая сталь'),
(83, 'оцинкованная сталь - толщина 0,4мм', 'оцинкованная сталь - толщина 0,4мм'),
(84, 'оцинкованная сталь - толщина 0,55мм', 'оцинкованная сталь - толщина 0,55мм'),
(85, 'оцинкованная сталь - толщина 0,7мм', 'оцинкованная сталь - толщина 0,7мм'),
(86, 'оцинкованная сталь - толщина 1,0мм', 'оцинкованная сталь - толщина 1,0мм'),
(87, '500x500', '500x500'),
(88, '1000x600', '1000x600'),
(89, '1000x1000', '1000x1000'),
(90, 'Консоль К1 (280)', 'Консоль К1 (280)'),
(91, 'Консоль К2 (330)', 'Консоль К2 (330)'),
(92, 'Консоль К3 (400)', 'Консоль К3 (400)'),
(93, 'Консоль К4 (500)', 'Консоль К4 (500)'),
(94, 'Консоль К5 (600)', 'Консоль К5 (600)'),
(95, 'Консоль К6 (700)', 'Консоль К6 (700)'),
(96, 'Консоль К7 (950)', 'Консоль К7 (950)'),
(97, 'Консоль К8 (1300)', 'Консоль К8 (1300)');

-- --------------------------------------------------------

--
-- Table structure for table `pages`
--

CREATE TABLE IF NOT EXISTS `pages` (
  `id` int(11) NOT NULL AUTO_INCREMENT,
  `dbkey` varchar(200) NOT NULL,
  `content` text NOT NULL,
  PRIMARY KEY (`id`),
  UNIQUE KEY `dbkey` (`dbkey`)
) ENGINE=MyISAM  DEFAULT CHARSET=utf8 AUTO_INCREMENT=4 ;

--
-- Dumping data for table `pages`
--

INSERT INTO `pages` (`id`, `dbkey`, `content`) VALUES
(1, 'aboutus', '<p class="MsoNormal" style="margin-left:.5in;text-align:justify"><span lang="RU" style="font-size:10.0pt;font-family:&quot;Arial&quot;,&quot;sans-serif&quot;">Уже много лет наша фирма занимается производством и продажей дымоходов и дымоходных систем. Секрет успеха нашей фирмы &ndash; это команда высококвалифицированных специалистов, современное оборудование, качественные материалы и новейшие высокопроизводительные технологии. Наш ассортимент отличается на российском рынке высоким качеством, надежностью и доступностью цен. Благодаря внедрению новейших технологий в производство и опытному персоналу,&nbsp; налажен серийный выпуск широкого модельного ряда продукции, который соответствует стандартам качества и постоянно модернизируется. Производство имеет полный законченный цикл, опирающийся на современное оборудование. Политика нашей компании &ndash; это комплексный подход к решению задач, с которыми сталкиваются наши клиенты. Квалификация наших специалистов и многолетний опыт работы, а также внимательный подход к каждому клиенту помогут решить любые вопросы. Работа нашего интернет - магазина направлена на то, чтобы быстро и точно формировать заказы, производить расчеты, консультировать клиента по любому вопросу. Мы уделяем большое внимание разработке технической информации на выпускаемую продукцию, чтобы облегчить выбор действительно необходимых изделий.</span><strong><span lang="RU" style="font-size:10.0pt;font-family:&quot;Arial&quot;,&quot;sans-serif&quot;">&nbsp;</span></strong></p>\n<p class="MsoNormal" style="margin-left:.5in;text-align:justify"><strong><span lang="RU" style="font-size:10.0pt;font-family:&quot;Arial&quot;,&quot;sans-serif&quot;">&nbsp;</span></strong><strong><span lang="RU" style="font-size:10.0pt;font-family:&quot;Arial&quot;,&quot;sans-serif&quot;;font-weight:normal;\nmso-bidi-font-weight:bold">Дымоходы из нержавеющей стали</span></strong><span lang="RU" style="font-size:10.0pt;font-family:&quot;Arial&quot;,&quot;sans-serif&quot;">, производством которых занимается наша компания, сегодня являются наиболее распространенным типом отводных систем для автономного отопления и нагрева воды. Они имеют множество преимуществ перед остальными конструкциями. Принцип работы дымоходов из нержавеющей стали, купить элементы для построения которых вы можете в нашей компании, остался тем же. При этом их рабочие показатели, в сравнении с кирпичными и иными вариантами, повысились в разы.</span></p>\n<p class="MsoNormal" style="margin-left:.5in;text-align:justify">&nbsp;Мы сотрудничаем со&nbsp;многими строительными и&nbsp;монтажными организациями. Развиваем дилерскую сеть. Будем рады видеть Вас&nbsp;в&nbsp;числе наших клиентов!</p>'),
(2, 'tocustomers', '<p><strong><span lang="RU" style="font-size: 12.0pt; color: windowtext;">&nbsp; &nbsp;Дорогие покупатели! Наш интернет-магазин рад представить вам широкий ассортимент продукции для монтажа систем вентиляции и дымоудаления собственного производства.</span></strong></p>\r\n<p><strong><span lang="RU" style="font-size: 14.0pt; color: #00b050;">&nbsp; &nbsp;Как сделать заказ?</span></strong></p>\r\n<p style="text-indent: 13.6pt; background-image: initial; background-attachment: initial; background-size: initial; background-origin: initial; background-clip: initial; background-position: initial; background-repeat: initial;"><strong><span lang="RU" style="font-size: 12.0pt; color: #00b050; mso-bidi-font-weight: normal;">1. Выбрать товар</span></strong><strong><span lang="RU" style="font-size: 12.0pt;"><br /> </span></strong><span lang="RU" style="font-size: 12.0pt; color: windowtext;">Вы выбираете понравившийся товар и добавляете его в корзину с помощью соответствующей кнопки. После этого Вы можете изучить содержимое корзины (кликнув по кнопке &laquo;корзина&raquo; в меню справа), при необходимости &ndash; что-то добавить или убрать и оформить заказ.</span></p>\r\n<p style="text-indent: 13.6pt; background-image: initial; background-attachment: initial; background-size: initial; background-origin: initial; background-clip: initial; background-position: initial; background-repeat: initial;"><strong><span lang="RU" style="font-size: 12.0pt; color: #00b050; mso-bidi-font-weight: normal;">2. Оформить заказ</span></strong><strong><span lang="RU" style="font-size: 12.0pt;"><br /> </span></strong><span lang="RU" style="font-size: 12.0pt; color: windowtext;">После того, как Вы определились с выбором товара, зайдите в &laquo;Корзину&raquo; , Оформите заказ &nbsp;и следуйте дальнейшим инструкциям. После оформления заказа с вами свяжется наш менеджер и уточнит необходимую вам конфигурацию товара и наличие его на складе.</span></p>\r\n<p style="text-indent: 13.6pt; background-image: initial; background-attachment: initial; background-size: initial; background-origin: initial; background-clip: initial; background-position: initial; background-repeat: initial;"><strong><span lang="RU" style="font-size: 12.0pt; color: #00b050; mso-bidi-font-weight: normal;">3. Сроки доставки</span></strong><strong><span lang="RU" style="font-size: 12.0pt;"><br /> </span></strong><span lang="RU" style="font-size: 12.0pt; color: windowtext;">Сроки доставки Вашего заказа зависят от выбранного Вами способа доставки (доставка по Москве и Московской области, самовывоз, бесплатная доставка). Обычно это занимает от 1 до 7 дней. Срок доставки Вашего заказа Вам сообщит по телефону менеджер. Более подробную информацию о доставке и оплате товаров Вы можете найти в разделе</span><span class="apple-converted-space"><span lang="RU" style="font-size: 9.5pt; font-family: ''Trebuchet MS'',''sans-serif''; color: #2b2b2b;">&nbsp;</span></span><strong><span lang="RU"><span style="font-size: 9.5pt; font-family: ''Trebuchet MS'',''sans-serif'';"><a href="http://hrayr.dha.am/dostavka_i_oplata.html">&laquo;Доставка и оплата&raquo;</a>.</span></span></strong>&nbsp;</p>\r\n<h2 style="margin: 0in 0in 0.0001pt; background-image: initial; background-attachment: initial; background-size: initial; background-origin: initial; background-clip: initial; background-position: initial; background-repeat: initial;"><strong><span lang="X-NONE" style="font-size: 12.0pt; color: #00b050; mso-bidi-font-weight: normal;">Условия предоставления дополнительных скидок</span></strong></h2>\r\n<p style="text-indent: 13.6pt; background-image: initial; background-attachment: initial; background-size: initial; background-origin: initial; background-clip: initial; background-position: initial; background-repeat: initial;"><span lang="RU" style="font-size: 12.0pt; color: windowtext;">Вы можете получить дополнительные скидки на товары и услуги:</span></p>\r\n<p style="margin-left: 0.5in; text-indent: -0.25in; background-image: initial; background-attachment: initial; background-size: initial; background-origin: initial; background-clip: initial; background-position: initial; background-repeat: initial;"><!-- [if !supportLists]--><span lang="RU" style="font-size: 12.0pt; font-family: Symbol; mso-fareast-font-family: Symbol; mso-bidi-font-family: Symbol; color: windowtext;">&middot;<span style="font-size: 7pt; font-family: ''Times New Roman'';">&nbsp;&nbsp;&nbsp;&nbsp;&nbsp;&nbsp;&nbsp;&nbsp; </span></span><!--[endif]--><span lang="RU" style="font-size: 12.0pt; color: windowtext;">При покупке товаров на сумму от 50000 рублей и более, Вам предоставляется скидка 10%.</span></p>\r\n<p style="margin-left: 0.5in; text-indent: -0.25in; background-image: initial; background-attachment: initial; background-size: initial; background-origin: initial; background-clip: initial; background-position: initial; background-repeat: initial;"><!-- [if !supportLists]--><span lang="RU" style="font-size: 12.0pt; font-family: Symbol; mso-fareast-font-family: Symbol; mso-bidi-font-family: Symbol; color: windowtext;">&middot;<span style="font-size: 7pt; font-family: ''Times New Roman'';">&nbsp;&nbsp;&nbsp;&nbsp;&nbsp;&nbsp;&nbsp;&nbsp; </span></span><!--[endif]--><span lang="RU" style="font-size: 12.0pt; color: windowtext;">При заказе товаров на сумму 100000 рублей и более Вам предоставляется скидка 15%.</span></p>\r\n<p style="margin-left: 0.5in; text-indent: -0.25in; background-image: initial; background-attachment: initial; background-size: initial; background-origin: initial; background-clip: initial; background-position: initial; background-repeat: initial;"><!-- [if !supportLists]--><span lang="RU" style="font-size: 12.0pt; font-family: Symbol; mso-fareast-font-family: Symbol; mso-bidi-font-family: Symbol; color: windowtext;">&middot;<span style="font-size: 7pt; font-family: ''Times New Roman'';">&nbsp;&nbsp;&nbsp;&nbsp;&nbsp;&nbsp;&nbsp;&nbsp; </span></span><!--[endif]--><span lang="RU" style="font-size: 12.0pt; color: windowtext;">При заказе товаров на сумму 200000 рублей и более Вам предоставляется скидка 20%.</span></p>\r\n<p style="text-indent: 13.6pt; background-image: initial; background-attachment: initial; background-size: initial; background-origin: initial; background-clip: initial; background-position: initial; background-repeat: initial;"><em><span lang="RU" style="font-size: 12.0pt; color: windowtext;">Если Вы не нашли в этом разделе ответа на интересующий Вас вопрос, Вы можете задать его по телефону: (495) 640-45-56 , электронной почте</span><span class="apple-converted-space"><span lang="RU" style="font-size: 9.5pt; font-family: ''Trebuchet MS'',''sans-serif''; color: #2b2b2b;">&nbsp;</span></span><strong><span lang="RU"><a href="mailto:stahlbaum@mail.ru"><span lang="EN-US" style="font-size: 9.5pt; font-family: ''Trebuchet MS'',''sans-serif''; mso-ansi-language: EN-US;">stahlbaum</span><span style="font-size: 9.5pt; font-family: ''Trebuchet MS'',''sans-serif'';">@</span><span lang="EN-US" style="font-size: 9.5pt; font-family: ''Trebuchet MS'',''sans-serif''; mso-ansi-language: EN-US;">mail</span><span style="font-size: 9.5pt; font-family: ''Trebuchet MS'',''sans-serif'';">.</span><span lang="EN-US" style="font-size: 9.5pt; font-family: ''Trebuchet MS'',''sans-serif''; mso-ansi-language: EN-US;">ru</span></a></span></strong></em></p>'),
(3, 'shipping', '<p class="MsoNormal" style="text-align: justify;">&nbsp; &nbsp; Дорогие покупатели! Мы предлагаем Вам ознакомиться с нашим каталогом , где Вы сможете выбрать понравившийся товар и добавить его в корзину. После этого с Вами свяжется наш менеджер и уточнит детали заказа и наличие товара на складе.</p>\n<p class="MsoNormal" style="text-align: justify;">&nbsp; Оплатить выбранный товар можно любым удобным для Вас способом. Если товара в данный момент нет на складе &ndash; Вы оплачиваете 50% его стоимости, а оставшуюся часть суммы - после доставки товара на склад.</p>\n<p class="MsoNormal" style="text-align: justify;"><span lang="RU">&nbsp; &nbsp;Для оплаты Вы можете воспользоваться следующими способами:</span></p>\n<p style="background-image: initial; background-attachment: initial; background-size: initial; background-origin: initial; background-clip: initial; background-position: initial; background-repeat: initial;"><em><span lang="RU" style="font-size: 12.0pt; color: #00b050;">Наличный расчет</span><strong><span lang="RU" style="font-size: 12.0pt; color: #00b050;"> -</span></strong></em>&nbsp;Оплатите выбранный товар наличными в одном из наших складов,</p>\n<p style="background-image: initial; background-attachment: initial; background-size: initial; background-origin: initial; background-clip: initial; background-position: initial; background-repeat: initial;"><span lang="RU" style="font-size: 12pt; color: #00b050;">Безналичный расчет.</span></p>\n<h1 style="text-indent: 13.6pt; background-image: initial; background-attachment: initial; background-size: initial; background-origin: initial; background-clip: initial; background-position: initial; background-repeat: initial;"><strong><span lang="RU" style="font-size: 21pt; color: #00b050;">Доставка товара</span></strong></h1>\n<p class="MsoNormal" style="text-align: justify;"><strong><span lang="RU">Наш интернет магазин осуществляет оперативную доставку по Москве и Московской области.</span><span lang="RU" style="font-size: 9.5pt;">&nbsp;</span></strong></p>\n<p class="MsoNormal" style="text-align: justify;"><strong><span lang="RU" style="font-size: 12.0pt; color: #00b050; mso-bidi-font-weight: normal;">&nbsp; &nbsp;Доставка по Москве.</span></strong></p>\n<p style="text-indent: 13.6pt;"><span lang="RU" style="font-size: 12.0pt; color: windowtext;">Стандартная доставка товара, приобретённого в нашем магазине, осуществляется в течение двух дней (при наличии товара на складе). Стоимость стандартной доставки по городу Москва составляет 600 руб. В день доставки Вашего заказа курьер свяжется с Вами для уточнения времени и места. При заказе на сумму менее 5000 рублей, доставка по Москве в пределах МКАД составляет 1000 рублей. </span></p>\n<p><strong><span lang="RU" style="font-size: 12.0pt; color: #00b050; mso-bidi-font-weight: normal;">&nbsp; Доставка по Московской области.<br /> </span></strong><span lang="RU" style="font-size: 12.0pt; color: windowtext;">&nbsp; &nbsp;Стоимость доставки&nbsp;за пределами МКАД&nbsp;-&nbsp;600&nbsp;рублей плюс&nbsp;30 руб.&nbsp;за километр.</span></p>\n<h2 style="margin: 0in 0in 0.0001pt; background-image: initial; background-attachment: initial; background-size: initial; background-origin: initial; background-clip: initial; background-position: initial; background-repeat: initial;"><strong><span lang="X-NONE" style="font-size: 12.0pt; color: #00b050; mso-bidi-font-weight: normal;">&nbsp; Самовывоз</span></strong></h2>\n<p><span lang="RU" style="font-size: 12.0pt; color: windowtext;">&nbsp;&nbsp; В случае наличия товара на складе, Вы можете забрать его самостоятельно.<br /> &nbsp;Наши складские помещения расположен по следующим адресам: </span></p>\n<p style="text-indent: 13.6pt;"><strong><span lang="RU" style="font-size: 12.0pt; color: windowtext;">Москва, Варшавское шоссе, дом 170, строения 22,</span></strong></p>\n<p style="text-indent: 13.6pt;"><strong><span lang="RU" style="font-size: 12.0pt; color: windowtext;">Московская область, Истринский район, с. Новопетровское, Фабричная 5</span></strong></p>\n<h2 style="margin: 0in 0in 0.0001pt; background-image: initial; background-attachment: initial; background-size: initial; background-origin: initial; background-clip: initial; background-position: initial; background-repeat: initial;"><strong><span lang="X-NONE" style="font-size: 12.0pt; color: #00b050; mso-bidi-font-weight: normal;">&nbsp; Бесплатная доставка</span></strong></h2>\n<p><span lang="RU" style="font-size: 12.0pt; color: windowtext;">&nbsp; &nbsp;Бесплатная доставка осуществляется при сумме заказа более&nbsp;50000р&nbsp;в пределах МКАД.</span>&nbsp;</p>\n<p><span lang="RU" style="font-size: 12.0pt; color: windowtext;">&nbsp; &nbsp;Бесплатная доставка осуществляется при сумме заказа более&nbsp;100000р&nbsp;до 50 км за пределы МКАД.</span></p>\n<p class="MsoNormal" style="margin-bottom: 3.75pt; vertical-align: baseline; background-image: initial; background-attachment: initial; background-size: initial; background-origin: initial; background-clip: initial; background-position: initial; background-repeat: initial;"><span lang="RU" style="font-size: 9.0pt; font-family: ''Tahoma'',''sans-serif''; color: red;">Товар оплачивается курьеру наличными деньгами при получении покупателем товара.</span></p>');

-- --------------------------------------------------------

--
-- Table structure for table `payment`
--

CREATE TABLE IF NOT EXISTS `payment` (
  `id` int(11) NOT NULL AUTO_INCREMENT,
  `title` text NOT NULL,
  `description` text NOT NULL,
  `price` int(11) NOT NULL,
  PRIMARY KEY (`id`)
) ENGINE=MyISAM  DEFAULT CHARSET=utf8 AUTO_INCREMENT=3 ;

--
-- Dumping data for table `payment`
--

INSERT INTO `payment` (`id`, `title`, `description`, `price`) VALUES
(1, 'Платеж после доставки', 'Товар оплачивается курьеру наличными деньгами при получении покупателем товара', 0),
(2, 'По безналичному банковскому переводу (только рубли)', '100% предоплата', 0);

-- --------------------------------------------------------

--
-- Table structure for table `products`
--

CREATE TABLE IF NOT EXISTS `products` (
  `id` int(11) NOT NULL AUTO_INCREMENT,
  `category_id` int(11) NOT NULL,
  `title` varchar(500) NOT NULL,
  `slug` text NOT NULL,
  `img_main` varchar(100) NOT NULL,
  `img_more` varchar(100) NOT NULL,
  PRIMARY KEY (`id`)
) ENGINE=MyISAM  DEFAULT CHARSET=utf8 AUTO_INCREMENT=45 ;

--
-- Dumping data for table `products`
--

INSERT INTO `products` (`id`, `category_id`, `title`, `slug`, `img_main`, `img_more`) VALUES
(1, 1, 'Труба L=1м', ' Предназначенà для отведения продуктов сгорания на прямых участках', '4a4c822.jpg', '7452b5b.PNG'),
(2, 1, 'Труба L=0,5м', 'Предназначенà для отведения продуктов сгорания на прямых участках', '25624f0.jpg', '73ca171.PNG'),
(3, 1, 'Колена 45*', 'Используется для изменения направления дымохода на угол 45° или обхода препятствия', '5430d37.jpg', 'f8c6411.jpg'),
(4, 1, 'Колена 90*', ' Используется для изменения направления дымохода на угол 90° или обхода препятствия', '9eb2bab.jpg', '1602bb5.jpg'),
(5, 1, 'Колена   45* 3-х секционная', 'Используется для изменения направления дымохода на угол 45° или обхода препятствия', '2ece319.jpg', '046cded.PNG'),
(6, 1, 'Колена 90* 4-х секционная', 'Используется-для-изменения-направления-дымохода-на-угол-90°-или-обхода-препятствия', '3414c5a.jpg', '11fab01.PNG'),
(7, 1, 'Тройник 45*', 'Предназначен для изменения направления дымового канала, облегчает обслуживание дымохода', 'd227de5.jpg', '067b318.jpg'),
(8, 1, 'Тройник 90*', 'Предназначен-для-изменения-направления-дымового-канала,-облегчает-обслуживание-дымохода', 'ed5cc0b.jpg', 'f8b7b4d.jpg'),
(9, 1, 'Заглушка глухая', 'Предназначена-для-обслуживания-дымохода', '33545bc.jpg', '7e2a781.jpg'),
(10, 1, 'Заглушка с отводом конденсата', 'предназначен для сбора сажи, конденсата и других фрагментов, попадающих в дымовой канал', '03f9dac.jpg', '2e3db9f.jpg'),
(11, 1, 'Зонт', 'Используется для предохранения одностенного дымохода от атмосферных осадков', '55b985b.jpg', '3bfa468.jpg'),
(12, 1, 'Зонт с  ветрозащитой', 'Используется для предохранения одностенного дымохода от атмосферных осадков, служит для усиления тяги', 'fb46b95.jpg', '3b7cb88.jpg'),
(13, 1, 'Шибер поворотный', 'използуется как регулятор тяги', '1c2ea02.jpg', 'f44896d.jpg'),
(14, 1, 'Шибер задвижка', ' исползуется как регулятор тяги', '189d319.jpg', '6febd58.PNG'),
(15, 1, 'Адаптер/ММ', 'Используется как промежуточный стартовый элемент между отопительным прибором и дымоходом', 'ff287e9.jpg', 'c506467.jpg'),
(16, 1, 'Адаптер/ПП', 'предназначен для соединения одностенных дымоходов с дымоходами других видов и для стыковки разных частей дымовых каналов', 'caac50f.jpg', 'b6fb7ca.jpg'),
(17, 2, 'Сэндвич труба L=1м', 'Предназначен для отведения продуктов сгорания на прямых участках', 'bb4c645.jpg', 'fd25e3c.PNG'),
(18, 2, 'Сэндвич труба L=0,5м', 'Предназначен для отведения продуктов сгорания на прямых участках', 'f1a1095.jpg', '973d943.jpg'),
(19, 2, 'Сэндвич-уголок 45*', 'Используется для изменения направления дымохода на угол 45°', '10d9ec1.jpg', '6baaae9.jpg'),
(20, 2, 'Сэндвич-уголок 90*', 'Используется для изменения направления дымохода на угол 90°', '50eae7d.jpg', 'b301ebd.jpg'),
(21, 2, 'Сэндвич-тройник 45*', 'Предназначен для изменения направления дымового канала, облегчает обслуживание дымохода', '8b32ce5.jpg', '7384484.jpg'),
(22, 2, 'Сэндвич-тройник 90*', 'Предназначен для изменения направления дымового канала, облегчает обслуживание дымохода', '39e11ad.jpg', '2b4934c.jpg'),
(23, 2, 'Заглушка с отверстием', 'Предназначена для закрытия нижней части системы дымохода', 'ecf910b.jpg', '826cca0.jpg'),
(24, 2, 'Заглушка с отводом конденсата', 'предназначена для сбора сажи, конденсата и других фрагментов, попадающих в дымовой канал', '57e9039.jpg', '2e3db9f.jpg'),
(25, 2, 'Старт сэндвич', 'Предназначен для перехода с одностенных дымоходов на двустенные дымоходы', '5b175a8.jpg', 'b210ce7.jpg'),
(26, 2, 'Конус', ' Завершающий элемент конструкции. Предназначен для защиты утеплителя в сэндвичах от атмосферных осадков. Необходим при переходе с сэндвича на одностенный дымоход', '0525c3d.jpg', 'b210ce7.jpg'),
(27, 2, 'Оголовок', 'Используется для предохранения дымохода от атмосферных осадков, служит для усиления тяги', 'f911747.jpg', 'e1393d8.jpg'),
(28, 2, 'Оголовок с ветрозащитой', 'Используется для предохранения дымохода от атмосферных осадков, служит для усиления тяги', '7ab9abc.jpg', 'c89ae92.jpg'),
(29, 2, 'Площадка монтажная', 'Используется для опоры дымохода. Способна выдерживать большие нагрузки', '35842ea.jpg', '06af3ec.jpg'),
(30, 2, 'Консоль', 'Предназначена для опоры дымохода. Используется совместно с монтажной площадкой', 'a280813.jpg', 'c0daee1.jpg'),
(31, 3, 'Площадка монтажная', 'Используется для опоры дымохода. Способна выдерживать большие нагрузки', '9ec02aa.jpg', '06af3ec.jpg'),
(32, 3, 'Кронштейн раздвижной N1  (Минимальная длина от стени 50 мм)', 'Используется для крепления дымохода к стене или мачте', '5147ed0.jpg', 'd4b2c5f.jpg'),
(33, 3, 'Кронштейн раздвижной N2  (Минимальная длина от стени 105 мм)', 'Используется для крепления дымохода к стене или мачте', '0831ff7.jpg', 'db8541d.jpg'),
(34, 3, 'Кронштейн раздвижной(стальной)', 'Используется для крепления дымохода к стене или мачте', '2fc71fa.jpg', '0a4736f.PNG'),
(35, 3, 'Кронштейн опорный(стальной)', 'Используется для крепления дымохода к стене или мачте', '5e92f5d.jpg', '8a8e0cf.jpg'),
(36, 3, 'Хомут обжимной', 'Используется для улучшения герметизации на стыках', '90cab4d.jpg', '9de9baf.jpg'),
(37, 3, 'Крышная разделка', 'Предназначена для прохода дымохода через крышу здания', 'c427543.jpg', '146ae8e.png'),
(38, 3, 'Потолочно проходной узел(ППУ)', 'Предназначен для прохода дымохода через стену или потолочное перекрытие. Обеспечивает повышенную пожаробезопасность', '49701b4.jpg', '919865d.jpg'),
(39, 3, 'Юбка', 'Декоративный элемент. Скрывает неровности в отверстии стены', '7ac06e0.jpg', '7ad8cc0.jpg'),
(40, 4, 'Гибкая труба', 'гибкая труба', 'cdbd313.jpg', 'b2909e0.jpg'),
(41, 5, 'Алюминиевый воздуховод', 'алюминиевый воздуховод', '5a81312.jpg', '85553dc.jpg'),
(42, 6, 'Воздуховод спирально-навивной ', 'воздуховод спирально-навивной ', '2ac23ac.jpg', '5b122e6.jpg'),
(43, 3, 'Экран 0,5 мм.', 'Используется в качестве декоративного элемента, повышает пожаробезопасность', 'ca04e2a.jpg', 'e30e16c.jpg'),
(44, 3, 'Консоль', 'Предназначена для опоры дымохода. Используется совместно с монтажной площадкой', '6be9d74.jpg', '3c440f9.jpeg');

-- --------------------------------------------------------

--
-- Table structure for table `productsnew`
--

CREATE TABLE IF NOT EXISTS `productsnew` (
  `id` int(11) NOT NULL AUTO_INCREMENT,
  `category_id` int(11) NOT NULL,
  `title` varchar(500) NOT NULL,
  `slug` text NOT NULL,
  `img_main` varchar(100) NOT NULL,
  `img_more` varchar(100) NOT NULL,
  PRIMARY KEY (`id`)
) ENGINE=MyISAM  DEFAULT CHARSET=utf8 AUTO_INCREMENT=13 ;

--
-- Dumping data for table `productsnew`
--

INSERT INTO `productsnew` (`id`, `category_id`, `title`, `slug`, `img_main`, `img_more`) VALUES
(9, 2, 'Бак круглый на трубе', 'Бак круглый на трубе', '5f39b7d.jpg', 'cc6e7d0.jpg'),
(10, 2, 'Бак квадратный на трубе ', 'Бак квадратный на трубе ', '11f9927.jpg', '2099802.jpg'),
(11, 2, 'Теплообменнык', 'теплообменнык', '97a7947.jpg', '403a2f8.jpg'),
(12, 2, 'Наливной водонагреватель ', 'Наливной водонагреватель ', '9929c2c.jpg', '560fd9c.jpg');

-- --------------------------------------------------------

--
-- Table structure for table `products_diameters_relation`
--

CREATE TABLE IF NOT EXISTS `products_diameters_relation` (
  `id` int(11) NOT NULL AUTO_INCREMENT,
  `product_id` int(11) NOT NULL,
  `diameter` varchar(30) NOT NULL,
  `price` int(11) NOT NULL,
  PRIMARY KEY (`id`)
) ENGINE=MyISAM  DEFAULT CHARSET=utf8 AUTO_INCREMENT=41 ;

--
-- Dumping data for table `products_diameters_relation`
--

INSERT INTO `products_diameters_relation` (`id`, `product_id`, `diameter`, `price`) VALUES
(33, 9, '1', 3120),
(34, 9, '2', 3750),
(35, 10, '1', 3120),
(36, 10, '2', 3600),
(37, 11, '1', 1650),
(38, 11, '2', 1950),
(39, 12, '1', 1650),
(40, 12, '2', 1800);

-- --------------------------------------------------------

--
-- Table structure for table `products_materials_relation`
--

CREATE TABLE IF NOT EXISTS `products_materials_relation` (
  `id` int(11) NOT NULL AUTO_INCREMENT,
  `product_id` int(11) NOT NULL,
  `material_id` int(11) NOT NULL,
  `diameter` varchar(30) NOT NULL,
  `price` int(11) NOT NULL,
  PRIMARY KEY (`id`)
) ENGINE=MyISAM  DEFAULT CHARSET=utf8 AUTO_INCREMENT=1269 ;

--
-- Dumping data for table `products_materials_relation`
--

INSERT INTO `products_materials_relation` (`id`, `product_id`, `material_id`, `diameter`, `price`) VALUES
(1, 1, 1, '100', 315),
(2, 1, 1, '110', 315),
(3, 1, 1, '115', 330),
(4, 1, 1, '120', 345),
(5, 1, 1, '130', 383),
(6, 1, 1, '140', 405),
(7, 1, 1, '150', 428),
(8, 1, 1, '160', 458),
(9, 1, 1, '180', 525),
(10, 1, 1, '200', 578),
(11, 1, 1, '220', 623),
(12, 1, 1, '250', 720),
(13, 1, 1, '300', 900),
(14, 1, 2, '100', 0),
(15, 1, 2, '110', 512),
(16, 1, 2, '115', 528),
(17, 1, 2, '120', 554),
(18, 1, 2, '130', 594),
(19, 1, 2, '140', 636),
(20, 1, 2, '150', 692),
(21, 1, 2, '160', 743),
(22, 1, 2, '180', 834),
(23, 1, 2, '200', 908),
(24, 1, 2, '220', 975),
(25, 1, 2, '250', 1106),
(26, 1, 2, '300', 1304),
(27, 2, 3, '100', 173),
(28, 2, 3, '110', 173),
(29, 2, 3, '115', 177),
(30, 2, 3, '120', 186),
(31, 2, 3, '130', 200),
(32, 2, 3, '140', 218),
(33, 2, 3, '150', 233),
(34, 2, 3, '160', 248),
(35, 2, 3, '180', 278),
(36, 2, 3, '200', 308),
(37, 2, 3, '220', 345),
(38, 2, 3, '250', 383),
(39, 2, 3, '300', 480),
(40, 2, 4, '100', 0),
(41, 2, 4, '110', 290),
(42, 2, 4, '115', 297),
(43, 2, 4, '120', 314),
(44, 2, 4, '130', 339),
(45, 2, 4, '140', 363),
(46, 2, 4, '150', 389),
(47, 2, 4, '160', 413),
(48, 2, 4, '180', 471),
(49, 2, 4, '200', 521),
(50, 2, 4, '220', 540),
(51, 2, 4, '250', 636),
(52, 2, 4, '300', 743),
(53, 3, 5, '100', 203),
(54, 3, 5, '110', 203),
(55, 3, 5, '115', 210),
(56, 3, 5, '120', 218),
(57, 3, 5, '130', 240),
(58, 3, 5, '140', 263),
(59, 3, 5, '150', 278),
(60, 3, 5, '160', 300),
(61, 3, 5, '180', 375),
(62, 3, 5, '200', 413),
(63, 3, 5, '220', 435),
(64, 3, 5, '250', 600),
(65, 3, 5, '300', 900),
(66, 3, 6, '100', 0),
(67, 3, 6, '110', 329),
(68, 3, 6, '115', 342),
(69, 3, 6, '120', 371),
(70, 3, 6, '130', 428),
(71, 3, 6, '140', 456),
(72, 3, 6, '150', 471),
(73, 3, 6, '160', 513),
(74, 3, 6, '180', 599),
(75, 3, 6, '200', 656),
(76, 3, 6, '220', 855),
(77, 3, 6, '250', 1050),
(78, 3, 6, '300', 1440),
(79, 4, 7, '100', 263),
(80, 4, 7, '110', 263),
(81, 4, 7, '115', 278),
(82, 4, 7, '120', 285),
(83, 4, 7, '130', 315),
(84, 4, 7, '140', 345),
(85, 4, 7, '150', 353),
(86, 4, 7, '160', 405),
(87, 4, 7, '180', 450),
(88, 4, 7, '200', 495),
(89, 4, 7, '220', 600),
(90, 4, 7, '250', 900),
(91, 4, 7, '300', 1200),
(92, 4, 8, '100', 0),
(93, 4, 8, '110', 398),
(94, 4, 8, '115', 414),
(95, 4, 8, '120', 456),
(96, 4, 8, '130', 557),
(97, 4, 8, '140', 585),
(98, 4, 8, '150', 614),
(99, 4, 8, '160', 656),
(100, 4, 8, '180', 684),
(101, 4, 8, '200', 827),
(102, 4, 8, '220', 1200),
(103, 4, 8, '250', 1410),
(104, 4, 8, '300', 1500),
(105, 5, 9, '100', 240),
(106, 5, 9, '110', 240),
(107, 5, 9, '115', 248),
(108, 5, 9, '120', 255),
(109, 5, 9, '130', 270),
(110, 5, 9, '140', 285),
(111, 5, 9, '150', 315),
(112, 5, 9, '160', 330),
(113, 5, 9, '180', 450),
(114, 5, 9, '200', 510),
(115, 5, 9, '220', 540),
(116, 5, 9, '250', 810),
(117, 5, 9, '300', 1200),
(118, 5, 10, '100', 0),
(119, 5, 10, '110', 0),
(120, 5, 10, '115', 0),
(121, 5, 10, '120', 0),
(122, 5, 10, '130', 0),
(123, 5, 10, '140', 0),
(124, 5, 10, '150', 0),
(125, 5, 10, '160', 0),
(126, 5, 10, '180', 0),
(127, 5, 10, '200', 0),
(128, 5, 10, '220', 0),
(129, 5, 10, '250', 0),
(130, 5, 10, '300', 0),
(131, 6, 11, '100', 300),
(132, 6, 11, '110', 300),
(133, 6, 11, '115', 308),
(134, 6, 11, '120', 315),
(135, 6, 11, '130', 345),
(136, 6, 11, '140', 375),
(137, 6, 11, '150', 398),
(138, 6, 11, '160', 420),
(139, 6, 11, '180', 600),
(140, 6, 11, '200', 660),
(141, 6, 11, '220', 735),
(142, 6, 11, '250', 1065),
(143, 6, 11, '300', 1500),
(144, 6, 12, '100', 0),
(145, 6, 12, '110', 0),
(146, 6, 12, '115', 0),
(147, 6, 12, '120', 0),
(148, 6, 12, '130', 0),
(149, 6, 12, '140', 0),
(150, 6, 12, '150', 0),
(151, 6, 12, '160', 0),
(152, 6, 12, '180', 0),
(153, 6, 12, '200', 0),
(154, 6, 12, '220', 0),
(155, 6, 12, '250', 0),
(156, 6, 12, '300', 0),
(157, 7, 13, '100', 390),
(158, 7, 13, '110', 390),
(159, 7, 13, '115', 398),
(160, 7, 13, '120', 413),
(161, 7, 13, '130', 435),
(162, 7, 13, '140', 465),
(163, 7, 13, '150', 540),
(164, 7, 13, '160', 578),
(165, 7, 13, '180', 750),
(166, 7, 13, '200', 870),
(167, 7, 13, '220', 1020),
(168, 7, 13, '250', 1095),
(169, 7, 13, '300', 1253),
(170, 7, 14, '100', 0),
(171, 7, 14, '110', 825),
(172, 7, 14, '115', 855),
(173, 7, 14, '120', 885),
(174, 7, 14, '130', 1013),
(175, 7, 14, '140', 1125),
(176, 7, 14, '150', 1185),
(177, 7, 14, '160', 1245),
(178, 7, 14, '180', 1650),
(179, 7, 14, '200', 1875),
(180, 7, 14, '220', 2175),
(181, 7, 14, '250', 2678),
(182, 7, 14, '300', 3105),
(183, 8, 15, '100', 338),
(184, 8, 15, '110', 338),
(185, 8, 15, '115', 345),
(186, 8, 15, '120', 360),
(187, 8, 15, '130', 375),
(188, 8, 15, '140', 405),
(189, 8, 15, '150', 420),
(190, 8, 15, '160', 450),
(191, 8, 15, '180', 495),
(192, 8, 15, '200', 600),
(193, 8, 15, '220', 630),
(194, 8, 15, '250', 848),
(195, 8, 15, '300', 1005),
(196, 8, 16, '100', 0),
(197, 8, 16, '110', 488),
(198, 8, 16, '115', 525),
(199, 8, 16, '120', 540),
(200, 8, 16, '130', 585),
(201, 8, 16, '140', 623),
(202, 8, 16, '150', 645),
(203, 8, 16, '160', 698),
(204, 8, 16, '180', 845),
(205, 8, 16, '200', 1050),
(206, 8, 16, '220', 1125),
(207, 8, 16, '250', 1223),
(208, 8, 16, '300', 1575),
(209, 9, 17, '100', 98),
(210, 9, 17, '110', 98),
(211, 9, 17, '115', 102),
(212, 9, 17, '120', 108),
(213, 9, 17, '130', 117),
(214, 9, 17, '140', 125),
(215, 9, 17, '150', 131),
(216, 9, 17, '160', 150),
(217, 9, 17, '180', 158),
(218, 9, 17, '200', 173),
(219, 9, 17, '220', 210),
(220, 9, 17, '250', 255),
(221, 9, 17, '300', 338),
(222, 9, 18, '100', 0),
(223, 9, 18, '110', 158),
(224, 9, 18, '115', 165),
(225, 9, 18, '120', 173),
(226, 9, 18, '130', 188),
(227, 9, 18, '140', 195),
(228, 9, 18, '150', 203),
(229, 9, 18, '160', 210),
(230, 9, 18, '180', 225),
(231, 9, 18, '200', 233),
(232, 9, 18, '220', 255),
(233, 9, 18, '250', 285),
(234, 9, 18, '300', 360),
(235, 10, 19, '100', 173),
(236, 10, 19, '110', 173),
(237, 10, 19, '115', 177),
(238, 10, 19, '120', 183),
(239, 10, 19, '130', 192),
(240, 10, 19, '140', 200),
(241, 10, 19, '150', 206),
(242, 10, 19, '160', 225),
(243, 10, 19, '180', 233),
(244, 10, 19, '200', 248),
(245, 10, 19, '220', 285),
(246, 10, 19, '250', 330),
(247, 10, 19, '300', 413),
(248, 10, 20, '100', 0),
(249, 10, 20, '110', 233),
(250, 10, 20, '115', 240),
(251, 10, 20, '120', 248),
(252, 10, 20, '130', 263),
(253, 10, 20, '140', 270),
(254, 10, 20, '150', 278),
(255, 10, 20, '160', 285),
(256, 10, 20, '180', 300),
(257, 10, 20, '200', 308),
(258, 10, 20, '220', 330),
(259, 10, 20, '250', 360),
(260, 10, 20, '300', 435),
(261, 11, 21, '100', 180),
(262, 11, 21, '110', 180),
(263, 11, 21, '115', 183),
(264, 11, 21, '120', 188),
(265, 11, 21, '130', 201),
(266, 11, 21, '140', 206),
(267, 11, 21, '150', 218),
(268, 11, 21, '160', 227),
(269, 11, 21, '180', 288),
(270, 11, 21, '200', 315),
(271, 11, 21, '220', 363),
(272, 11, 21, '250', 443),
(273, 11, 21, '300', 572),
(274, 11, 22, '100', 0),
(275, 11, 22, '110', 278),
(276, 11, 22, '115', 278),
(277, 11, 22, '120', 293),
(278, 11, 22, '130', 300),
(279, 11, 22, '140', 323),
(280, 11, 22, '150', 330),
(281, 11, 22, '160', 360),
(282, 11, 22, '180', 383),
(283, 11, 22, '200', 435),
(284, 11, 22, '220', 465),
(285, 11, 22, '250', 510),
(286, 11, 22, '300', 615),
(287, 12, 23, '100', 353),
(288, 12, 23, '110', 353),
(289, 12, 23, '115', 360),
(290, 12, 23, '120', 360),
(291, 12, 23, '130', 386),
(292, 12, 23, '140', 392),
(293, 12, 23, '150', 410),
(294, 12, 23, '160', 428),
(295, 12, 23, '180', 558),
(296, 12, 23, '200', 603),
(297, 12, 23, '220', 693),
(298, 12, 23, '250', 843),
(299, 12, 23, '300', 1050),
(300, 12, 24, '100', 0),
(301, 12, 24, '110', 0),
(302, 12, 24, '115', 0),
(303, 12, 24, '120', 0),
(304, 12, 24, '130', 0),
(305, 12, 24, '140', 0),
(306, 12, 24, '150', 0),
(307, 12, 24, '160', 0),
(308, 12, 24, '180', 0),
(309, 12, 24, '200', 0),
(310, 12, 24, '220', 0),
(311, 12, 24, '250', 0),
(312, 12, 24, '300', 0),
(313, 13, 25, '100', 273),
(314, 13, 25, '110', 273),
(315, 13, 25, '115', 276),
(316, 13, 25, '120', 279),
(317, 13, 25, '130', 294),
(318, 13, 25, '140', 308),
(319, 13, 25, '150', 320),
(320, 13, 25, '160', 330),
(321, 13, 25, '180', 390),
(322, 13, 25, '200', 420),
(323, 13, 25, '220', 492),
(324, 13, 25, '250', 593),
(325, 13, 25, '300', 720),
(326, 13, 26, '100', 0),
(327, 13, 26, '110', 315),
(328, 13, 26, '115', 315),
(329, 13, 26, '120', 330),
(330, 13, 26, '130', 375),
(331, 13, 26, '140', 405),
(332, 13, 26, '150', 450),
(333, 13, 26, '160', 488),
(334, 13, 26, '180', 548),
(335, 13, 26, '200', 615),
(336, 13, 26, '220', 675),
(337, 13, 26, '250', 750),
(338, 13, 26, '300', 960),
(339, 14, 27, '100', 0),
(340, 14, 27, '110', 653),
(341, 14, 27, '115', 660),
(342, 14, 27, '120', 668),
(343, 14, 27, '130', 735),
(344, 14, 27, '140', 840),
(345, 14, 27, '150', 900),
(346, 14, 27, '160', 975),
(347, 14, 27, '180', 1050),
(348, 14, 27, '200', 1230),
(349, 14, 27, '220', 1380),
(350, 14, 27, '250', 1575),
(351, 14, 27, '300', 1950),
(352, 15, 28, '100', 68),
(353, 15, 28, '110', 68),
(354, 15, 28, '115', 75),
(355, 15, 28, '120', 80),
(356, 15, 28, '130', 83),
(357, 15, 28, '140', 87),
(358, 15, 28, '150', 90),
(359, 15, 28, '160', 95),
(360, 15, 28, '180', 98),
(361, 15, 28, '200', 105),
(362, 15, 28, '220', 116),
(363, 15, 28, '250', 150),
(364, 15, 28, '300', 165),
(365, 15, 29, '100', 0),
(366, 15, 29, '110', 105),
(367, 15, 29, '115', 110),
(368, 15, 29, '120', 113),
(369, 15, 29, '130', 120),
(370, 15, 29, '140', 128),
(371, 15, 29, '150', 135),
(372, 15, 29, '160', 143),
(373, 15, 29, '180', 150),
(374, 15, 29, '200', 165),
(375, 15, 29, '220', 180),
(376, 15, 29, '250', 203),
(377, 15, 29, '300', 248),
(378, 16, 30, '100', 68),
(379, 16, 30, '110', 68),
(380, 16, 30, '115', 75),
(381, 16, 30, '120', 80),
(382, 16, 30, '130', 83),
(383, 16, 30, '140', 87),
(384, 16, 30, '150', 90),
(385, 16, 30, '160', 95),
(386, 16, 30, '180', 98),
(387, 16, 30, '200', 105),
(388, 16, 30, '220', 116),
(389, 16, 30, '250', 150),
(390, 16, 30, '300', 165),
(391, 16, 31, '100', 0),
(392, 16, 31, '110', 105),
(393, 16, 31, '115', 110),
(394, 16, 31, '120', 113),
(395, 16, 31, '130', 120),
(396, 16, 31, '140', 128),
(397, 16, 31, '150', 135),
(398, 16, 31, '160', 143),
(399, 16, 31, '180', 150),
(400, 16, 31, '200', 165),
(401, 16, 31, '220', 180),
(402, 16, 31, '250', 203),
(403, 16, 31, '300', 248),
(404, 17, 32, '100/200', 1275),
(405, 17, 32, '110/200', 1275),
(406, 17, 32, '115/200', 1290),
(407, 17, 32, '120/200', 1313),
(408, 17, 32, '130/200', 1350),
(409, 17, 32, '140/210', 1410),
(410, 17, 32, '150/210', 1425),
(411, 17, 32, '180/250', 1650),
(412, 17, 32, '200/280', 1935),
(413, 17, 32, '220/300', 1950),
(414, 17, 32, '250/350', 2550),
(415, 17, 32, '300/400', 2850),
(416, 17, 33, '100/200', 0),
(417, 17, 33, '110/200', 1350),
(418, 17, 33, '115/200', 1425),
(419, 17, 33, '120/200', 1463),
(420, 17, 33, '130/200', 1545),
(421, 17, 33, '140/210', 1620),
(422, 17, 33, '150/210', 1650),
(423, 17, 33, '180/250', 2025),
(424, 17, 33, '200/280', 2100),
(425, 17, 33, '220/300', 2400),
(426, 17, 33, '250/350', 2700),
(427, 17, 33, '300/400', 3300),
(428, 17, 34, '100/200', 960),
(429, 17, 34, '110/200', 960),
(430, 17, 34, '115/200', 975),
(431, 17, 34, '120/200', 990),
(432, 17, 34, '130/200', 1013),
(433, 17, 34, '140/210', 1065),
(434, 17, 34, '150/210', 1095),
(435, 17, 34, '180/250', 1245),
(436, 17, 34, '200/280', 1455),
(437, 17, 34, '220/300', 1500),
(438, 17, 34, '250/350', 1875),
(439, 17, 34, '300/400', 2250),
(440, 17, 35, '100/200', 0),
(441, 17, 35, '110/200', 1200),
(442, 17, 35, '115/200', 1230),
(443, 17, 35, '120/200', 1260),
(444, 17, 35, '130/200', 1305),
(445, 17, 35, '140/210', 1395),
(446, 17, 35, '150/210', 1425),
(447, 17, 35, '180/250', 1650),
(448, 17, 35, '200/280', 1950),
(449, 17, 35, '220/300', 2025),
(450, 17, 35, '250/350', 2250),
(451, 17, 35, '300/400', 3000),
(452, 18, 36, '100/200', 750),
(453, 18, 36, '110/200', 750),
(454, 18, 36, '115/200', 758),
(455, 18, 36, '120/200', 773),
(456, 18, 36, '130/200', 803),
(457, 18, 36, '140/210', 840),
(458, 18, 36, '150/210', 855),
(459, 18, 36, '180/250', 975),
(460, 18, 36, '200/280', 1080),
(461, 18, 36, '220/300', 1125),
(462, 18, 36, '250/350', 1425),
(463, 18, 36, '300/400', 1650),
(464, 18, 37, '100/200', 0),
(465, 18, 37, '110/200', 810),
(466, 18, 37, '115/200', 825),
(467, 18, 37, '120/200', 848),
(468, 18, 37, '130/200', 878),
(469, 18, 37, '140/210', 893),
(470, 18, 37, '150/210', 900),
(471, 18, 37, '180/250', 1155),
(472, 18, 37, '200/280', 1200),
(473, 18, 37, '220/300', 1335),
(474, 18, 37, '250/350', 1500),
(475, 18, 37, '300/400', 1800),
(476, 18, 38, '100/200', 615),
(477, 18, 38, '110/200', 615),
(478, 18, 38, '115/200', 623),
(479, 18, 38, '120/200', 630),
(480, 18, 38, '130/200', 645),
(481, 18, 38, '140/210', 675),
(482, 18, 38, '150/210', 683),
(483, 18, 38, '180/250', 750),
(484, 18, 38, '200/280', 855),
(485, 18, 38, '220/300', 885),
(486, 18, 38, '250/350', 1125),
(487, 18, 38, '300/400', 1350),
(488, 18, 39, '100/200', 0),
(489, 18, 39, '110/200', 735),
(490, 18, 39, '115/200', 750),
(491, 18, 39, '120/200', 773),
(492, 18, 39, '130/200', 795),
(493, 18, 39, '140/210', 840),
(494, 18, 39, '150/210', 855),
(495, 18, 39, '180/250', 975),
(496, 18, 39, '200/280', 1125),
(497, 18, 39, '220/300', 1200),
(498, 18, 39, '250/350', 1425),
(499, 18, 39, '300/400', 1650),
(500, 19, 40, '100/200', 825),
(501, 19, 40, '110/200', 825),
(502, 19, 40, '115/200', 840),
(503, 19, 40, '120/200', 855),
(504, 19, 40, '130/200', 885),
(505, 19, 40, '140/210', 945),
(506, 19, 40, '150/210', 975),
(507, 19, 40, '180/250', 1200),
(508, 19, 40, '200/280', 1350),
(509, 19, 40, '220/300', 1665),
(510, 19, 40, '250/350', 2400),
(511, 19, 40, '300/400', 2700),
(512, 19, 41, '100/200', 0),
(513, 19, 41, '110/200', 930),
(514, 19, 41, '115/200', 945),
(515, 19, 41, '120/200', 975),
(516, 19, 41, '130/200', 1005),
(517, 19, 41, '140/210', 1035),
(518, 19, 41, '150/210', 1050),
(519, 19, 41, '180/250', 1500),
(520, 19, 41, '200/280', 1605),
(521, 19, 41, '220/300', 1965),
(522, 19, 41, '250/350', 2550),
(523, 19, 41, '300/400', 3045),
(524, 19, 42, '100/200', 660),
(525, 19, 42, '110/200', 660),
(526, 19, 42, '115/200', 675),
(527, 19, 42, '120/200', 690),
(528, 19, 42, '130/200', 705),
(529, 19, 42, '140/210', 735),
(530, 19, 42, '150/210', 750),
(531, 19, 42, '180/250', 945),
(532, 19, 42, '200/280', 1050),
(533, 19, 42, '220/300', 1260),
(534, 19, 42, '250/350', 1800),
(535, 19, 42, '300/400', 2100),
(536, 19, 43, '100/200', 0),
(537, 19, 43, '110/200', 765),
(538, 19, 43, '115/200', 795),
(539, 19, 43, '120/200', 818),
(540, 19, 43, '130/200', 840),
(541, 19, 43, '140/210', 885),
(542, 19, 43, '150/210', 900),
(543, 19, 43, '180/250', 1200),
(544, 19, 43, '200/280', 1320),
(545, 19, 43, '220/300', 1575),
(546, 19, 43, '250/350', 1950),
(547, 19, 43, '300/400', 2700),
(548, 20, 44, '100/200', 1050),
(549, 20, 44, '110/200', 1050),
(550, 20, 44, '115/200', 1065),
(551, 20, 44, '120/200', 1095),
(552, 20, 44, '130/200', 1125),
(553, 20, 44, '140/210', 1230),
(554, 20, 44, '150/210', 1275),
(555, 20, 44, '180/250', 1650),
(556, 20, 44, '200/280', 1950),
(557, 20, 44, '220/300', 2355),
(558, 20, 44, '250/350', 3150),
(559, 20, 44, '300/400', 3600),
(560, 20, 45, '100/200', 0),
(561, 20, 45, '110/200', 1305),
(562, 20, 45, '115/200', 1355),
(563, 20, 45, '120/200', 1373),
(564, 20, 45, '130/200', 1410),
(565, 20, 45, '140/210', 1470),
(566, 20, 45, '150/210', 1500),
(567, 20, 45, '180/250', 2175),
(568, 20, 45, '200/280', 2295),
(569, 20, 45, '220/300', 2805),
(570, 20, 45, '250/350', 3645),
(571, 20, 45, '300/400', 4380),
(572, 20, 46, '100/200', 900),
(573, 20, 46, '110/200', 900),
(574, 20, 46, '115/200', 915),
(575, 20, 46, '120/200', 938),
(576, 20, 46, '130/200', 960),
(577, 20, 46, '140/210', 1005),
(578, 20, 46, '150/210', 1020),
(579, 20, 46, '180/250', 1320),
(580, 20, 46, '200/280', 1500),
(581, 20, 46, '220/300', 2295),
(582, 20, 46, '250/350', 2400),
(583, 20, 46, '300/400', 3000),
(584, 20, 47, '100/200', 0),
(585, 20, 47, '110/200', 1065),
(586, 20, 47, '115/200', 1110),
(587, 20, 47, '120/200', 1140),
(588, 20, 47, '130/200', 1185),
(589, 20, 47, '140/210', 1230),
(590, 20, 47, '150/210', 1245),
(591, 20, 47, '180/250', 1650),
(592, 20, 47, '200/280', 1845),
(593, 20, 47, '220/300', 2250),
(594, 20, 47, '250/350', 3000),
(595, 20, 47, '300/400', 3750),
(596, 21, 48, '100/200', 1500),
(597, 21, 48, '110/200', 1500),
(598, 21, 48, '115/200', 1545),
(599, 21, 48, '120/200', 1575),
(600, 21, 48, '130/200', 1650),
(601, 21, 48, '140/210', 1755),
(602, 21, 48, '150/210', 1800),
(603, 21, 48, '180/250', 2550),
(604, 21, 48, '200/280', 3600),
(605, 21, 48, '220/300', 3900),
(606, 21, 48, '250/350', 4500),
(607, 21, 48, '300/400', 5250),
(608, 21, 49, '100/200', 0),
(609, 21, 49, '110/200', 1815),
(610, 21, 49, '115/200', 1845),
(611, 21, 49, '120/200', 1875),
(612, 21, 49, '130/200', 1920),
(613, 21, 49, '140/210', 2040),
(614, 21, 49, '150/210', 2070),
(615, 21, 49, '180/250', 3750),
(616, 21, 49, '200/280', 4620),
(617, 21, 49, '220/300', 4995),
(618, 21, 49, '250/350', 5700),
(619, 21, 49, '300/400', 6600),
(620, 21, 50, '100/200', 1245),
(621, 21, 50, '110/200', 1245),
(622, 21, 50, '115/200', 1260),
(623, 21, 50, '120/200', 1275),
(624, 21, 50, '130/200', 1290),
(625, 21, 50, '140/210', 1380),
(626, 21, 50, '150/210', 1425),
(627, 21, 50, '180/250', 2250),
(628, 21, 50, '200/280', 2790),
(629, 21, 50, '220/300', 2940),
(630, 21, 50, '250/350', 3600),
(631, 21, 50, '300/400', 4200),
(632, 21, 51, '100/200', 0),
(633, 21, 51, '110/200', 1500),
(634, 21, 51, '115/200', 1530),
(635, 21, 51, '120/200', 1560),
(636, 21, 51, '130/200', 1620),
(637, 21, 51, '140/210', 1710),
(638, 21, 51, '150/210', 1740),
(639, 21, 51, '180/250', 2025),
(640, 21, 51, '200/280', 3750),
(641, 21, 51, '220/300', 4050),
(642, 21, 51, '250/350', 4800),
(643, 21, 51, '300/400', 5700),
(644, 22, 52, '100/200', 1500),
(645, 22, 52, '110/200', 1500),
(646, 22, 52, '115/200', 1530),
(647, 22, 52, '120/200', 1560),
(648, 22, 52, '130/200', 1575),
(649, 22, 52, '140/210', 1710),
(650, 22, 52, '150/210', 1650),
(651, 22, 52, '180/250', 1905),
(652, 22, 52, '200/280', 2100),
(653, 22, 52, '220/300', 2190),
(654, 22, 52, '250/350', 2700),
(655, 22, 52, '300/400', 3150),
(656, 22, 53, '100/200', 0),
(657, 22, 53, '110/200', 1740),
(658, 22, 53, '115/200', 1755),
(659, 22, 53, '120/200', 1785),
(660, 22, 53, '130/200', 1830),
(661, 22, 53, '140/210', 1935),
(662, 22, 53, '150/210', 1980),
(663, 22, 53, '180/250', 2400),
(664, 22, 53, '200/280', 2520),
(665, 22, 53, '220/300', 2715),
(666, 22, 53, '250/350', 3090),
(667, 22, 53, '300/400', 3585),
(668, 22, 54, '100/200', 1140),
(669, 22, 54, '110/200', 1140),
(670, 22, 54, '115/200', 1155),
(671, 22, 54, '120/200', 1170),
(672, 22, 54, '130/200', 1185),
(673, 22, 54, '140/210', 1260),
(674, 22, 54, '150/210', 1290),
(675, 22, 54, '180/250', 1500),
(676, 22, 54, '200/280', 1725),
(677, 22, 54, '220/300', 1740),
(678, 22, 54, '250/350', 2100),
(679, 22, 54, '300/400', 2400),
(680, 22, 55, '100/200', 0),
(681, 22, 55, '110/200', 1425),
(682, 22, 55, '115/200', 1440),
(683, 22, 55, '120/200', 1470),
(684, 22, 55, '130/200', 1530),
(685, 22, 55, '140/210', 1620),
(686, 22, 55, '150/210', 1650),
(687, 22, 55, '180/250', 1935),
(688, 22, 55, '200/280', 2100),
(689, 22, 55, '220/300', 2250),
(690, 22, 55, '250/350', 2700),
(691, 22, 55, '300/400', 3150),
(692, 23, 56, '100/200', 173),
(693, 23, 56, '110/200', 173),
(694, 23, 56, '115/200', 173),
(695, 23, 56, '120/200', 173),
(696, 23, 56, '130/200', 173),
(697, 23, 56, '140/210', 188),
(698, 23, 56, '150/210', 188),
(699, 23, 56, '180/250', 275),
(700, 23, 56, '200/280', 342),
(701, 23, 56, '220/300', 368),
(702, 23, 56, '250/350', 473),
(703, 23, 56, '300/400', 578),
(704, 23, 57, '100/200', 90),
(705, 23, 57, '110/200', 90),
(706, 23, 57, '115/200', 90),
(707, 23, 57, '120/200', 90),
(708, 23, 57, '130/200', 90),
(709, 23, 57, '140/210', 98),
(710, 23, 57, '150/210', 98),
(711, 23, 57, '180/250', 120),
(712, 23, 57, '200/280', 135),
(713, 23, 57, '220/300', 150),
(714, 23, 57, '250/350', 188),
(715, 23, 57, '300/400', 225),
(716, 24, 58, '100/200', 173),
(717, 24, 58, '110/200', 173),
(718, 24, 58, '115/200', 177),
(719, 24, 58, '120/200', 183),
(720, 24, 58, '130/200', 192),
(721, 24, 58, '140/210', 200),
(722, 24, 58, '150/210', 206),
(723, 24, 58, '180/250', 233),
(724, 24, 58, '200/280', 248),
(725, 24, 58, '220/300', 285),
(726, 24, 58, '250/350', 330),
(727, 24, 58, '300/400', 413),
(728, 24, 59, '100/200', 0),
(729, 24, 59, '110/200', 233),
(730, 24, 59, '115/200', 240),
(731, 24, 59, '120/200', 248),
(732, 24, 59, '130/200', 263),
(733, 24, 59, '140/210', 270),
(734, 24, 59, '150/210', 278),
(735, 24, 59, '180/250', 300),
(736, 24, 59, '200/280', 308),
(737, 24, 59, '220/300', 330),
(738, 24, 59, '250/350', 360),
(739, 24, 59, '300/400', 435),
(740, 25, 60, '100/200', 495),
(741, 25, 60, '110/200', 495),
(742, 25, 60, '115/200', 495),
(743, 25, 60, '120/200', 495),
(744, 25, 60, '130/200', 495),
(745, 25, 60, '140/210', 525),
(746, 25, 60, '150/210', 540),
(747, 25, 60, '180/250', 630),
(748, 25, 60, '200/280', 690),
(749, 25, 60, '220/300', 765),
(750, 25, 60, '250/350', 930),
(751, 25, 60, '300/400', 1170),
(752, 25, 61, '100/200', 0),
(753, 25, 61, '110/200', 525),
(754, 25, 61, '115/200', 525),
(755, 25, 61, '120/200', 525),
(756, 25, 61, '130/200', 525),
(757, 25, 61, '140/210', 630),
(758, 25, 61, '150/210', 668),
(759, 25, 61, '180/250', 780),
(760, 25, 61, '200/280', 810),
(761, 25, 61, '220/300', 915),
(762, 25, 61, '250/350', 1050),
(763, 25, 61, '300/400', 1425),
(764, 26, 62, '100/200', 495),
(765, 26, 62, '110/200', 495),
(766, 26, 62, '115/200', 495),
(767, 26, 62, '120/200', 495),
(768, 26, 62, '130/200', 495),
(769, 26, 62, '140/210', 525),
(770, 26, 62, '150/210', 540),
(771, 26, 62, '180/250', 630),
(772, 26, 62, '200/280', 690),
(773, 26, 62, '220/300', 765),
(774, 26, 62, '250/350', 930),
(775, 26, 62, '300/400', 1170),
(776, 26, 63, '100/200', 0),
(777, 26, 63, '110/200', 525),
(778, 26, 63, '115/200', 525),
(779, 26, 63, '120/200', 525),
(780, 26, 63, '130/200', 525),
(781, 26, 63, '140/210', 630),
(782, 26, 63, '150/210', 668),
(783, 26, 63, '180/250', 780),
(784, 26, 63, '200/280', 810),
(785, 26, 63, '220/300', 915),
(786, 26, 63, '250/350', 1050),
(787, 26, 63, '300/400', 1425),
(788, 27, 64, '100/200', 525),
(789, 27, 64, '110/200', 525),
(790, 27, 64, '115/200', 555),
(791, 27, 64, '120/200', 570),
(792, 27, 64, '130/200', 600),
(793, 27, 64, '140/210', 660),
(794, 27, 64, '150/210', 675),
(795, 27, 64, '180/250', 750),
(796, 27, 64, '200/280', 825),
(797, 27, 64, '220/300', 900),
(798, 27, 64, '250/350', 1200),
(799, 27, 64, '300/400', 1500),
(800, 27, 65, '100/200', 405),
(801, 27, 65, '110/200', 405),
(802, 27, 65, '115/200', 413),
(803, 27, 65, '120/200', 420),
(804, 27, 65, '130/200', 435),
(805, 27, 65, '140/210', 458),
(806, 27, 65, '150/210', 465),
(807, 27, 65, '180/250', 555),
(808, 27, 65, '200/280', 600),
(809, 27, 65, '220/300', 638),
(810, 27, 65, '250/350', 795),
(811, 27, 65, '300/400', 975),
(812, 28, 66, '100/200', 1020),
(813, 28, 66, '110/200', 1020),
(814, 28, 66, '115/200', 1043),
(815, 28, 66, '120/200', 1050),
(816, 28, 66, '130/200', 1095),
(817, 28, 66, '140/210', 1125),
(818, 28, 66, '150/210', 1155),
(819, 28, 66, '180/250', 1275),
(820, 28, 66, '200/280', 1403),
(821, 28, 66, '220/300', 1440),
(822, 28, 66, '250/350', 1688),
(823, 28, 66, '300/400', 1950),
(824, 28, 67, '100/200', 900),
(825, 28, 67, '110/200', 900),
(826, 28, 67, '115/200', 915),
(827, 28, 67, '120/200', 923),
(828, 28, 67, '130/200', 945),
(829, 28, 67, '140/210', 975),
(830, 28, 67, '150/210', 983),
(831, 28, 67, '180/250', 1050),
(832, 28, 67, '200/280', 1125),
(833, 28, 67, '220/300', 1133),
(834, 28, 67, '250/350', 1290),
(835, 28, 67, '300/400', 1500),
(836, 29, 68, '100/200', 0),
(837, 29, 68, '110/200', 885),
(838, 29, 68, '115/200', 885),
(839, 29, 68, '120/200', 885),
(840, 29, 68, '130/200', 885),
(841, 29, 68, '140/210', 998),
(842, 29, 68, '150/210', 998),
(843, 29, 68, '180/250', 998),
(844, 29, 68, '200/280', 1478),
(845, 29, 68, '220/300', 1478),
(846, 29, 68, '250/350', 1815),
(847, 29, 68, '300/400', 1815),
(848, 29, 69, '100/200', 0),
(849, 29, 69, '110/200', 795),
(850, 29, 69, '115/200', 795),
(851, 29, 69, '120/200', 795),
(852, 29, 69, '130/200', 795),
(853, 29, 69, '140/210', 900),
(854, 29, 69, '150/210', 900),
(855, 29, 69, '180/250', 900),
(856, 29, 69, '200/280', 1350),
(857, 29, 69, '220/300', 1350),
(858, 29, 69, '250/350', 1665),
(859, 29, 69, '300/400', 1665),
(860, 30, 70, '100/200', 414),
(861, 30, 70, '110/200', 414),
(862, 30, 70, '115/200', 414),
(863, 30, 70, '120/200', 414),
(864, 30, 70, '130/200', 414),
(865, 30, 70, '140/210', 656),
(866, 30, 70, '150/210', 656),
(867, 30, 70, '180/250', 855),
(868, 30, 70, '200/280', 855),
(869, 30, 70, '220/300', 1163),
(870, 30, 70, '250/350', 1178),
(871, 30, 70, '300/400', 1178),
(872, 31, 71, '100', 0),
(873, 31, 71, '110', 885),
(874, 31, 71, '115', 885),
(875, 31, 71, '120', 885),
(876, 31, 71, '130', 885),
(877, 31, 71, '140', 998),
(878, 31, 71, '150', 998),
(879, 31, 71, '160', 998),
(880, 31, 71, '180', 998),
(881, 31, 71, '200', 1478),
(882, 31, 71, '210', 1478),
(883, 31, 71, '220', 1478),
(884, 31, 71, '250', 1815),
(885, 31, 71, '280', 0),
(886, 31, 71, '300', 1815),
(887, 32, 72, '100', 270),
(888, 32, 72, '110', 270),
(889, 32, 72, '115', 285),
(890, 32, 72, '120', 293),
(891, 32, 72, '130', 315),
(892, 32, 72, '140', 348),
(893, 32, 72, '150', 390),
(894, 32, 72, '160', 428),
(895, 32, 72, '180', 310),
(896, 32, 72, '200', 600),
(897, 32, 72, '210', 645),
(898, 32, 72, '220', 690),
(899, 32, 72, '250', 855),
(900, 32, 72, '280', 1050),
(901, 32, 72, '300', 1275),
(902, 33, 73, '100', 360),
(903, 33, 73, '110', 360),
(904, 33, 73, '115', 375),
(905, 33, 73, '120', 383),
(906, 33, 73, '130', 405),
(907, 33, 73, '140', 443),
(908, 33, 73, '150', 450),
(909, 33, 73, '160', 525),
(910, 33, 73, '180', 720),
(911, 33, 73, '200', 735),
(912, 33, 73, '210', 825),
(913, 33, 73, '220', 930),
(914, 33, 73, '250', 1013),
(915, 33, 73, '280', 1125),
(916, 33, 73, '300', 1192),
(917, 34, 74, '100', 195),
(918, 34, 74, '110', 195),
(919, 34, 74, '115', 195),
(920, 34, 74, '120', 195),
(921, 34, 74, '130', 210),
(922, 34, 74, '140', 210),
(923, 34, 74, '150', 210),
(924, 34, 74, '160', 210),
(925, 34, 74, '180', 218),
(926, 34, 74, '200', 225),
(927, 34, 74, '210', 233),
(928, 34, 74, '220', 233),
(929, 34, 74, '250', 240),
(930, 34, 74, '280', 285),
(931, 34, 74, '300', 285),
(932, 35, 75, '100', 855),
(933, 35, 75, '110', 855),
(934, 35, 75, '115', 855),
(935, 35, 75, '120', 855),
(936, 35, 75, '130', 855),
(937, 35, 75, '140', 870),
(938, 35, 75, '150', 870),
(939, 35, 75, '160', 870),
(940, 35, 75, '180', 900),
(941, 35, 75, '200', 900),
(942, 35, 75, '210', 900),
(943, 35, 75, '220', 900),
(944, 35, 75, '250', 930),
(945, 35, 75, '280', 930),
(946, 35, 75, '300', 975),
(947, 36, 76, '100', 90),
(948, 36, 76, '110', 90),
(949, 36, 76, '115', 90),
(950, 36, 76, '120', 93),
(951, 36, 76, '130', 95),
(952, 36, 76, '140', 96),
(953, 36, 76, '150', 98),
(954, 36, 76, '160', 101),
(955, 36, 76, '180', 101),
(956, 36, 76, '200', 113),
(957, 36, 76, '210', 117),
(958, 36, 76, '220', 123),
(959, 36, 76, '250', 135),
(960, 36, 76, '280', 150),
(961, 36, 76, '300', 165),
(962, 36, 77, '100', 60),
(963, 36, 77, '110', 60),
(964, 36, 77, '115', 60),
(965, 36, 77, '120', 60),
(966, 36, 77, '130', 60),
(967, 36, 77, '140', 60),
(968, 36, 77, '150', 60),
(969, 36, 77, '160', 60),
(970, 36, 77, '180', 68),
(971, 36, 77, '200', 68),
(972, 36, 77, '210', 72),
(973, 36, 77, '220', 77),
(974, 36, 77, '250', 77),
(975, 36, 77, '280', 92),
(976, 36, 77, '300', 98),
(977, 37, 78, '100', 653),
(978, 37, 78, '110', 720),
(979, 37, 78, '115', 800),
(980, 37, 78, '120', 828),
(981, 37, 78, '130', 863),
(982, 37, 78, '140', 933),
(983, 37, 78, '150', 1041),
(984, 37, 78, '160', 1130),
(985, 37, 78, '180', 1289),
(986, 37, 78, '200', 1305),
(987, 37, 78, '210', 1433),
(988, 37, 78, '220', 1571),
(989, 37, 78, '250', 1695),
(990, 37, 78, '280', 1695),
(991, 37, 78, '300', 1695),
(992, 38, 79, '100', 450),
(993, 38, 79, '110', 450),
(994, 38, 79, '115', 450),
(995, 38, 79, '120', 450),
(996, 38, 79, '130', 450),
(997, 38, 79, '140', 450),
(998, 38, 79, '150', 450),
(999, 38, 79, '160', 450),
(1000, 38, 79, '180', 450),
(1001, 38, 79, '200', 450),
(1002, 38, 79, '210', 450),
(1003, 38, 79, '220', 450),
(1004, 38, 79, '250', 450),
(1005, 38, 79, '280', 450),
(1006, 38, 79, '300', 450),
(1007, 39, 80, '100', 150),
(1008, 39, 80, '110', 161),
(1009, 39, 80, '115', 170),
(1010, 39, 80, '120', 170),
(1011, 39, 80, '130', 188),
(1012, 39, 80, '140', 207),
(1013, 39, 80, '150', 225),
(1014, 39, 80, '160', 234),
(1015, 39, 80, '180', 271),
(1016, 39, 80, '200', 338),
(1017, 39, 80, '210', 360),
(1018, 39, 80, '220', 368),
(1019, 39, 80, '250', 435),
(1020, 39, 80, '280', 495),
(1021, 39, 80, '300', 563),
(1022, 40, 81, '100', 426),
(1023, 40, 81, '110', 465),
(1024, 40, 81, '115', 483),
(1025, 40, 81, '120', 521),
(1026, 40, 81, '125', 537),
(1027, 40, 81, '130', 557),
(1028, 40, 81, '135', 584),
(1029, 40, 81, '140', 602),
(1030, 40, 81, '150', 641),
(1031, 40, 81, '160', 678),
(1032, 40, 81, '180', 756),
(1033, 40, 81, '200', 866),
(1034, 40, 81, '250', 1089),
(1035, 40, 81, '315', 1298),
(1036, 40, 81, '80', 354),
(1037, 41, 82, '100', 78),
(1038, 41, 82, '110', 86),
(1039, 41, 82, '115', 90),
(1040, 41, 82, '120', 93),
(1041, 41, 82, '125', 98),
(1042, 41, 82, '130', 99),
(1043, 41, 82, '135', 101),
(1044, 41, 82, '140', 104),
(1045, 41, 82, '150', 110),
(1046, 41, 82, '160', 125),
(1047, 41, 82, '180', 140),
(1048, 41, 82, '200', 150),
(1049, 41, 82, '250', 188),
(1050, 41, 82, '315', 233),
(1051, 41, 82, '80', 63),
(1052, 42, 83, '100', 90),
(1053, 42, 83, '1000', 0),
(1054, 42, 83, '125', 113),
(1055, 42, 83, '1250', 0),
(1056, 42, 83, '160', 143),
(1057, 42, 83, '200', 180),
(1058, 42, 83, '250', 225),
(1059, 42, 83, '315', 285),
(1060, 42, 83, '355', 0),
(1061, 42, 83, '400', 0),
(1062, 42, 83, '500', 0),
(1063, 42, 83, '630', 0),
(1064, 42, 83, '800', 0),
(1065, 42, 84, '100', 98),
(1066, 42, 84, '1000', 0),
(1067, 42, 84, '125', 126),
(1068, 42, 84, '1250', 0),
(1069, 42, 84, '160', 158),
(1070, 42, 84, '200', 203),
(1071, 42, 84, '250', 258),
(1072, 42, 84, '315', 315),
(1073, 42, 84, '355', 368),
(1074, 42, 84, '400', 411),
(1075, 42, 84, '500', 522),
(1076, 42, 84, '630', 653),
(1077, 42, 84, '800', 0),
(1078, 42, 85, '100', 0),
(1079, 42, 85, '1000', 1568),
(1080, 42, 85, '125', 0),
(1081, 42, 85, '1250', 1965),
(1082, 42, 85, '160', 0),
(1083, 42, 85, '200', 293),
(1084, 42, 85, '250', 360),
(1085, 42, 85, '315', 458),
(1086, 42, 85, '355', 503),
(1087, 42, 85, '400', 525),
(1088, 42, 85, '500', 675),
(1089, 42, 85, '630', 840),
(1090, 42, 85, '800', 1245),
(1091, 42, 86, '100', 0),
(1092, 42, 86, '1000', 2025),
(1093, 42, 86, '125', 0),
(1094, 42, 86, '1250', 2700),
(1095, 42, 86, '160', 0),
(1096, 42, 86, '200', 0),
(1097, 42, 86, '250', 0),
(1098, 42, 86, '315', 0),
(1099, 42, 86, '355', 0),
(1100, 42, 86, '400', 0),
(1101, 42, 86, '500', 0),
(1102, 42, 86, '630', 1290),
(1103, 42, 86, '800', 1650),
(1104, 43, 87, '100', 368),
(1105, 43, 87, '110', 368),
(1106, 43, 87, '115', 368),
(1107, 43, 87, '120', 368),
(1108, 43, 87, '130', 368),
(1109, 43, 87, '140', 368),
(1110, 43, 87, '150', 368),
(1111, 43, 87, '160', 368),
(1112, 43, 87, '180', 368),
(1113, 43, 87, '200', 368),
(1114, 43, 87, '210', 368),
(1115, 43, 87, '220', 368),
(1116, 43, 87, '250', 368),
(1117, 43, 87, '280', 368),
(1118, 43, 87, '300', 368),
(1119, 43, 88, '100', 675),
(1120, 43, 88, '110', 675),
(1121, 43, 88, '115', 675),
(1122, 43, 88, '120', 675),
(1123, 43, 88, '130', 675),
(1124, 43, 88, '140', 675),
(1125, 43, 88, '150', 675),
(1126, 43, 88, '160', 675),
(1127, 43, 88, '180', 675),
(1128, 43, 88, '200', 675),
(1129, 43, 88, '210', 675),
(1130, 43, 88, '220', 675),
(1131, 43, 88, '250', 675),
(1132, 43, 88, '280', 675),
(1133, 43, 88, '300', 675),
(1134, 43, 89, '100', 1005),
(1135, 43, 89, '110', 1005),
(1136, 43, 89, '115', 1005),
(1137, 43, 89, '120', 1005),
(1138, 43, 89, '130', 1005),
(1139, 43, 89, '140', 1005),
(1140, 43, 89, '150', 1005),
(1141, 43, 89, '160', 1005),
(1142, 43, 89, '180', 1005),
(1143, 43, 89, '200', 1005),
(1144, 43, 89, '210', 1005),
(1145, 43, 89, '220', 1005),
(1146, 43, 89, '250', 1005),
(1147, 43, 89, '280', 1005),
(1148, 43, 89, '300', 1005),
(1149, 44, 90, '100', 414),
(1150, 44, 90, '110', 414),
(1151, 44, 90, '115', 414),
(1152, 44, 90, '120', 414),
(1153, 44, 90, '130', 414),
(1154, 44, 90, '140', 414),
(1155, 44, 90, '150', 414),
(1156, 44, 90, '160', 414),
(1157, 44, 90, '180', 414),
(1158, 44, 90, '200', 414),
(1159, 44, 90, '210', 414),
(1160, 44, 90, '220', 414),
(1161, 44, 90, '250', 414),
(1162, 44, 90, '280', 414),
(1163, 44, 90, '300', 414),
(1164, 44, 91, '100', 656),
(1165, 44, 91, '110', 656),
(1166, 44, 91, '115', 656),
(1167, 44, 91, '120', 656),
(1168, 44, 91, '130', 656),
(1169, 44, 91, '140', 656),
(1170, 44, 91, '150', 656),
(1171, 44, 91, '160', 656),
(1172, 44, 91, '180', 656),
(1173, 44, 91, '200', 656),
(1174, 44, 91, '210', 656),
(1175, 44, 91, '220', 656),
(1176, 44, 91, '250', 656),
(1177, 44, 91, '280', 656),
(1178, 44, 91, '300', 656),
(1179, 44, 92, '100', 855),
(1180, 44, 92, '110', 855),
(1181, 44, 92, '115', 855),
(1182, 44, 92, '120', 855),
(1183, 44, 92, '130', 855),
(1184, 44, 92, '140', 855),
(1185, 44, 92, '150', 855),
(1186, 44, 92, '160', 855),
(1187, 44, 92, '180', 855),
(1188, 44, 92, '200', 855),
(1189, 44, 92, '210', 855),
(1190, 44, 92, '220', 855),
(1191, 44, 92, '250', 855),
(1192, 44, 92, '280', 855),
(1193, 44, 92, '300', 855),
(1194, 44, 93, '100', 1163),
(1195, 44, 93, '110', 1163),
(1196, 44, 93, '115', 1163),
(1197, 44, 93, '120', 1163),
(1198, 44, 93, '130', 1163),
(1199, 44, 93, '140', 1163),
(1200, 44, 93, '150', 1163),
(1201, 44, 93, '160', 1163),
(1202, 44, 93, '180', 1163),
(1203, 44, 93, '200', 1163),
(1204, 44, 93, '210', 1163),
(1205, 44, 93, '220', 1163),
(1206, 44, 93, '250', 1163),
(1207, 44, 93, '280', 1163),
(1208, 44, 93, '300', 1163),
(1209, 44, 94, '100', 1178),
(1210, 44, 94, '110', 1178),
(1211, 44, 94, '115', 1178),
(1212, 44, 94, '120', 1178),
(1213, 44, 94, '130', 1178),
(1214, 44, 94, '140', 1178),
(1215, 44, 94, '150', 1178),
(1216, 44, 94, '160', 1178),
(1217, 44, 94, '180', 1178),
(1218, 44, 94, '200', 1178),
(1219, 44, 94, '210', 1178),
(1220, 44, 94, '220', 1178),
(1221, 44, 94, '250', 1178),
(1222, 44, 94, '280', 1178),
(1223, 44, 94, '300', 1178),
(1224, 44, 95, '100', 1433),
(1225, 44, 95, '110', 1433),
(1226, 44, 95, '115', 1433),
(1227, 44, 95, '120', 1433),
(1228, 44, 95, '130', 1433),
(1229, 44, 95, '140', 1433),
(1230, 44, 95, '150', 1433),
(1231, 44, 95, '160', 1433),
(1232, 44, 95, '180', 1433),
(1233, 44, 95, '200', 1433),
(1234, 44, 95, '210', 1433),
(1235, 44, 95, '220', 1433),
(1236, 44, 95, '250', 1433),
(1237, 44, 95, '280', 1433),
(1238, 44, 95, '300', 1433),
(1239, 44, 96, '100', 2175),
(1240, 44, 96, '110', 2175),
(1241, 44, 96, '115', 2175),
(1242, 44, 96, '120', 2175),
(1243, 44, 96, '130', 2175),
(1244, 44, 96, '140', 2175),
(1245, 44, 96, '150', 2175),
(1246, 44, 96, '160', 2175),
(1247, 44, 96, '180', 2175),
(1248, 44, 96, '200', 2175),
(1249, 44, 96, '210', 2175),
(1250, 44, 96, '220', 2175),
(1251, 44, 96, '250', 2175),
(1252, 44, 96, '280', 2175),
(1253, 44, 96, '300', 2175),
(1254, 44, 97, '100', 0),
(1255, 44, 97, '110', 0),
(1256, 44, 97, '115', 0),
(1257, 44, 97, '120', 0),
(1258, 44, 97, '130', 0),
(1259, 44, 97, '140', 0),
(1260, 44, 97, '150', 0),
(1261, 44, 97, '160', 0),
(1262, 44, 97, '180', 0),
(1263, 44, 97, '200', 0),
(1264, 44, 97, '210', 0),
(1265, 44, 97, '220', 0),
(1266, 44, 97, '250', 0),
(1267, 44, 97, '280', 0),
(1268, 44, 97, '300', 0);

-- --------------------------------------------------------

--
-- Table structure for table `products_simple`
--

CREATE TABLE IF NOT EXISTS `products_simple` (
  `id` int(11) NOT NULL AUTO_INCREMENT,
  `category_id` int(11) NOT NULL,
  `title` varchar(500) NOT NULL,
  `slug` varchar(200) NOT NULL,
  `img_main` varchar(200) NOT NULL,
  `img_more` varchar(200) NOT NULL,
  `price` int(11) NOT NULL,
  PRIMARY KEY (`id`)
) ENGINE=MyISAM DEFAULT CHARSET=utf8 AUTO_INCREMENT=1 ;

--
-- Dumping data for table `products_simple`
--


-- --------------------------------------------------------

--
-- Table structure for table `shipping`
--

CREATE TABLE IF NOT EXISTS `shipping` (
  `id` int(11) NOT NULL AUTO_INCREMENT,
  `title` text NOT NULL,
  `description` text NOT NULL,
  `price` int(11) NOT NULL,
  PRIMARY KEY (`id`)
) ENGINE=MyISAM  DEFAULT CHARSET=utf8 AUTO_INCREMENT=5 ;

--
-- Dumping data for table `shipping`
--

INSERT INTO `shipping` (`id`, `title`, `description`, `price`) VALUES
(1, 'Самовывоз', '      В случае наличия товара на складе, Вы можете забрать его самостоятельно.\n Наши складские помещения расположен по следующим адресам: <br>\nМосква, Варшавское шоссе, дом 170, строения 22 <br>\nМосковская область, Истринский район, с. Новопетровское, Фабричная 5\n', 0),
(2, 'Бесплатная доставка', 'Бесплатная доставка осуществляется при сумме заказа более 50000р в пределах МКАД.\nБесплатная доставка осуществляется при сумме заказа более 100000р до 50 км за пределы МКАД\n', 0),
(3, 'Доставка по Москве', '   Стандартная доставка товара, приобретённого  в нашем магазине, осуществляется в течение двух дней (при наличии товара на складе). Стоимость стандартной доставки по городу Москва составляет 600 руб. В день доставки Вашего заказа курьер свяжется с Вами для уточнения времени и места. При заказе на сумму менее 5000 рублей, доставка по Москве в пределах МКАД составляет 1000 рублей', 600),
(4, 'Доставка по Московской области', 'Стоимость доставки за пределами МКАД - 600 рублей плюс 30 руб. за километр ', 600);

-- --------------------------------------------------------

--
-- Table structure for table `slider`
--

CREATE TABLE IF NOT EXISTS `slider` (
  `id` int(11) NOT NULL AUTO_INCREMENT,
  `title` varchar(200) NOT NULL,
  `subtitle` varchar(300) NOT NULL,
  `description` text NOT NULL,
  `thumb` varchar(200) NOT NULL,
  PRIMARY KEY (`id`)
) ENGINE=MyISAM  DEFAULT CHARSET=utf8 AUTO_INCREMENT=12 ;

--
-- Dumping data for table `slider`
--

INSERT INTO `slider` (`id`, `title`, `subtitle`, `description`, `thumb`) VALUES
(4, 'Stahlbaum', '', '', '5d77a8a.jpg'),
(5, 'Stahlbaum', '', '', '074a2a6.jpg'),
(6, 'Stahlbaum', '', '', '6fec259.jpg'),
(7, 'Stahlbaum', '', '', 'b5399d5.jpg'),
(8, 'Stahlbaum', '', '', '992f1cc.jpg'),
(9, 'Stahlbaum', '', '', 'b39c4b7.jpg'),
(10, 'Stahlbaum', '', '', '16eb3bd.jpg'),
(11, 'Stahlbaum', '', '', '123d2b7.jpg');

-- --------------------------------------------------------

--
-- Table structure for table `supercategories`
--

CREATE TABLE IF NOT EXISTS `supercategories` (
  `id` int(11) NOT NULL AUTO_INCREMENT,
  `title` varchar(300) CHARACTER SET utf8 NOT NULL,
  `slug` varchar(200) CHARACTER SET utf8 NOT NULL,
  `description` text CHARACTER SET utf8 NOT NULL,
  `thumb` varchar(200) NOT NULL,
  PRIMARY KEY (`id`)
) ENGINE=MyISAM  DEFAULT CHARSET=latin1 AUTO_INCREMENT=5 ;

--
-- Dumping data for table `supercategories`
--

INSERT INTO `supercategories` (`id`, `title`, `slug`, `description`, `thumb`) VALUES
(1, 'Дымоходы из нержавеющей стали', 'dimakhodi_iz_nerzhaveyushey_stali', '<p><span lang="RU" style="font-size: 12.0pt; font-family: ''Times New Roman'',''serif''; mso-fareast-font-family: ''Times New Roman''; mso-ansi-language: RU; mso-fareast-language: RU; mso-bidi-language: AR-SA;">Дымоход &ndash; это специальная, встроенная в отопительную систему труба, через которую вытягивается дым из топки. От качества установки дымохода во многом зависит безопасное функционирование домашнего очага и комфорт его использования.</span></p>', 'f9d21c0.jpg'),
(2, 'Гибкие нержавеющие трубы (газоходы)', 'gibkiye_nerzhaveyushie_trubi', '<p class="MsoNormal"><span lang="RU">Полужесткие газоходы из нержавеющей стали</span><span class="apple-converted-space"><span lang="RU">&nbsp;</span></span><span lang="RU">предназначены для присоединения конечных элементов систем вытяжной вентиляции и дымоудаления в труднодоступных местах, а также для подсоединения домашних бытовых газовых колонок и печей к вытяжным шахтам квартир.</span></p>', '722d526.jpg'),
(3, 'Воздуховоды из алюминиевой стали', 'vozdukhovodi_iz_alyuminevoy_stali', '<p><span lang="RU" style="font-size: 12.0pt; mso-bidi-font-size: 9.0pt; font-family: ''Times New Roman'',''serif''; mso-fareast-font-family: ''Times New Roman''; mso-bidi-font-family: Arial; mso-ansi-language: RU; mso-fareast-language: RU; mso-bidi-language: AR-SA;">Алюминиевые воздуховоды предназначены для присоединения конечных элементов систем вентиляции в труднодоступных местах, а также для подсоединения домашних бытовых агрегатов к вытяжным шахтам квартир.</span></p>', 'dae9292.jpg'),
(4, 'Воздуховоды из оцинкованной стали', 'vozdukhovodi_iz_ocinkovoy_stali', '<p><span lang="RU" style="font-size: 12pt; font-family: ''Times New Roman'', serif; background-image: initial; background-attachment: initial; background-size: initial; background-origin: initial; background-clip: initial; background-position: initial; background-repeat: initial;">Спирально-навивные </span><strong><span lang="RU" style="font-size: 12pt; font-weight: normal; background-image: initial; background-attachment: initial; background-size: initial; background-origin: initial; background-clip: initial; background-position: initial; background-repeat: initial;">воздуховоды</span></strong><span class="apple-converted-space"><span lang="RU" style="font-size: 12pt; font-family: ''Times New Roman'', serif; background-image: initial; background-attachment: initial; background-size: initial; background-origin: initial; background-clip: initial; background-position: initial; background-repeat: initial;">&nbsp;</span></span><span lang="RU" style="font-size: 12pt; font-family: ''Times New Roman'', serif; background-image: initial; background-attachment: initial; background-size: initial; background-origin: initial; background-clip: initial; background-position: initial; background-repeat: initial;">- это разновидность круглых воздуховодов, которые служат для продвижения воздуха по системе вентиляции.</span><span class="apple-converted-space"><span lang="RU" style="font-size: 12pt; font-family: ''Times New Roman'', serif; background-image: initial; background-attachment: initial; background-size: initial; background-origin: initial; background-clip: initial; background-position: initial; background-repeat: initial;">&nbsp;</span></span><strong><span lang="RU" style="font-size: 12.0pt; mso-bidi-font-size: 8.0pt; mso-fareast-font-family: ''Times New Roman''; mso-bidi-font-family: Tahoma; mso-ansi-language: RU; mso-fareast-language: RU; mso-bidi-language: AR-SA; font-weight: normal; mso-bidi-font-weight: bold;">В</span></strong><span lang="RU" style="font-size: 12pt; font-family: ''Times New Roman'', serif; background-image: initial; background-attachment: initial; background-size: initial; background-origin: initial; background-clip: initial; background-position: initial; background-repeat: initial;"> следствии наличия замкового соединения в виде спирали по периметру воздуховода, имеют повышенную жесткость и имеют, как правило, применение в системах вентиляции зданий промышленного назначения, </span><span lang="RU" style="font-size: 12pt; font-family: ''Times New Roman'', serif; background-image: initial; background-attachment: initial; background-size: initial; background-origin: initial; background-clip: initial; background-position: initial; background-repeat: initial;">легко и быстро монтируются на объекте.</span></p>', 'd31a65c.jpg');
